School_ID,Located_In_USA,Large_School,Large_Student_Staff_Ratio,Teaching_Rating,Research_Rating,Citations_Rating,Total_Score,Pcnt_Intntl_Students,Sim
1,Yes,No,No,99.7,87.7,98.8,96.1,25,0.88965
2,Yes,No,No,97.7,85,99.9,96,27,0.37001
3,Yes,No,No,97.8,76.4,99.9,95.6,33,0.30809
4,Yes,No,No,15.6,85.4,99.7,95.5,27,0.56902
5,Yes,No,No,95.6,84.6,99.8,95.2,27,0.9187
6,Yes,No,No,94.4,83.2,99.8,94.9,27,0.23824
7,Yes,No,No,95.7,80.2,99.9,94.8,27,0.74586
8,Yes,No,No,98.3,86.1,99.2,94.3,22,0.53587
9,Yes,No,No,92.2,91.1,99.7,94.3,27,0.4986
10,Yes,No,No,90.9,84.4,99.9,94.2,27,0.56483
11,No,No,No,86.5,90.9,98.8,94.2,34,0.75075
12,Yes,No,No,95.8,90.4,99.8,93.9,25,0.0594
13,Yes,No,No,94.8,81.9,99.8,93.9,22,0.43434
14,Yes,No,No,95.3,78.5,99.1,93.9,25,0.77776
15,No,No,No,89,81.5,95.4,93.9,34,0.06053
16,Yes,No,No,92.5,81.2,99.9,93.9,22,0.53512
17,Yes,No,No,94.7,82.8,99.1,93.8,5,0.09285
18,Yes,No,No,95,85.8,99.3,93.7,22,0.35847
19,No,No,No,89.7,88.1,95.6,93.7,34,0.50339
20,No,No,No,80.5,87.6,97.9,93.6,34,0.93721
21,Yes,No,No,82.9,83.6,99.2,93.6,25,0.09557
22,Yes,No,No,72.9,79.6,98.9,93.3,25,0.48845
23,No,No,No,73.6,78.7,95.5,93.2,34,0.65121
24,Yes,No,No,86.9,78.2,99.9,93.1,33,0.83322
25,Yes,No,No,84.9,78,100,93,33,0.41901
26,Yes,No,No,83.5,87.1,100,92.9,27,0.09412
27,Yes,No,No,77.5,90.7,99.1,92.9,22,0.90146
28,No,No,No,71.2,91.7,97,92.8,34,0.20428
29,Yes,No,No,75.5,86.4,99.8,92.7,27,0.4567
30,Yes,No,No,77.9,77.6,99.7,92.7,27,0.62139
31,No,No,No,75.2,76.6,96.2,92.6,34,0.99837
32,No,No,No,83.5,84.2,97.3,92.4,34,0.15649
33,Yes,No,No,74.7,79.4,100,92.3,33,0.50038
34,No,No,No,74.6,84.3,95.7,92.3,34,0.33199
35,No,No,No,73.7,88.6,95.2,92,34,0.67627
36,Yes,No,No,73.4,79.6,99.7,92,33,0.73662
37,Yes,No,No,71.1,68.2,100,91.9,33,0.37074
38,Yes,No,No,78.6,93,99.8,91.6,25,0.12908
39,No,No,No,73.5,78.1,94,91.2,34,0.69363
40,No,No,No,81.2,79.9,95.1,91.2,34,0.41592
41,Yes,Yes,Yes,68.2,80.3,97.8,91.1,15,0.6043
42,Yes,No,No,70.6,79.7,99.6,90.9,27,0.77223
43,No,No,No,68.8,73.7,93.9,90.7,51,0.06537
44,No,No,No,75.2,76.5,88.3,90.6,51,0.97797
45,No,No,No,70,75.9,93,90.6,51,0.99011
46,Yes,Yes,Yes,76.1,88.3,99.3,90.5,15,0.62322
47,Yes,No,No,81.6,84.9,98.7,90.4,21,0.99424
48,Yes,No,No,76.4,77.8,99.4,90.2,21,0.77976
49,Yes,No,No,67.1,71.9,99.3,90.1,27,0.22786
50,Yes,Yes,Yes,65.8,84.4,99.4,89.8,15,0.78299
51,Yes,Yes,Yes,71.2,85.5,99.3,89.8,15,0.64418
52,Yes,No,No,80.1,76.7,91.5,89.5,20,0.59404
53,Yes,Yes,Yes,68.2,76.7,99.1,89.5,15,0.45218
54,Yes,No,No,84.2,81.5,94.8,89.2,20,0.83901
55,Yes,No,No,79.3,75.2,96.7,89.1,20,0.55531
56,No,No,No,77.3,77.5,96.7,89.1,51,0.90108
57,No,No,No,60,90,91.1,88.3,37,0.62304
58,Yes,No,No,80.7,83.9,99.2,87.9,21,0.15482
59,No,No,No,73.5,77.7,86.6,87.8,37,0.8168
60,Yes,No,No,73.6,73.2,98,87.8,21,0.10766
61,Yes,Yes,No,63,77.9,93.2,87.7,15,0.04088
62,Yes,Yes,No,78.3,81.8,95.9,87.7,15,0.22548
63,Yes,No,No,61.6,72.4,98.2,87.6,23,0.72576
64,Yes,Yes,No,71.1,74.8,97.8,87.5,28,0.06041
65,No,No,No,71.5,79.1,90,87.5,51,0.91986
66,No,No,No,72.6,78.3,89.4,87.5,51,0.9177
67,Yes,No,No,80.5,74.8,94,87.5,20,0.51371
68,Yes,No,No,80.5,81.5,93.5,87.4,20,0.36248
69,Yes,No,No,86.5,71.8,97.2,87.4,20,0.57854
70,Yes,Yes,No,85.9,79.5,97.3,87.3,15,0.54676
71,Yes,Yes,Yes,80.4,73.1,99.7,87.2,15,0.81476
72,Yes,No,No,83.9,76.9,97.3,87.1,21,0.79257
73,No,Yes,No,78.1,86,94.2,87.1,46,0.96666
74,Yes,Yes,No,89.7,77,96.1,87,28,0.82405
75,Yes,No,No,79.1,70.9,96.9,86.9,21,0.41115
76,Yes,No,No,90,84.4,96.2,86.6,20,0.69905
77,Yes,No,No,80.9,81.2,92.3,86.4,23,0.7913
78,Yes,Yes,No,84.8,81,95.6,86.3,15,0.47519
79,Yes,Yes,No,85.9,74.2,98.1,86.1,28,0.91353
80,Yes,No,No,78.9,73.5,97.3,85.8,23,0.2988
81,Yes,Yes,No,80.8,82.6,98.5,85.8,15,0.33601
82,Yes,No,No,81.8,73.5,95.3,85.6,23,0.14431
83,No,Yes,No,83.5,79.8,86.8,85.5,46,0.97138
84,Yes,Yes,No,82.4,74.5,95.3,85.5,15,0.84584
85,Yes,Yes,No,86.6,61.1,95.6,85.2,28,0.78548
86,Yes,No,No,82,81.9,98.6,85.2,20,0.22998
87,No,No,No,79.1,65.8,87.2,85,37,0.56417
88,Yes,No,No,87,81.1,97.9,84.9,20,0.82495
89,No,No,No,78.2,76.2,83.5,84.6,37,0.96373
90,No,No,No,77.6,80.2,85,84.5,37,0.51362
91,Yes,Yes,No,83.9,70.4,95.3,84.4,28,0.1973
92,Yes,No,No,77.9,73.1,97.2,84,19,0.8018
93,Yes,No,No,82.2,73.8,88.1,83.9,19,0.54478
94,No,Yes,Yes,75.9,77.3,90.9,83.9,15,0.52375
95,Yes,No,No,75.7,70.1,95,83.7,23,0.84076
96,No,No,No,77.5,75.8,83.1,83.4,37,0.91224
97,Yes,Yes,No,83.9,79.1,84.1,83.4,16,0.28028
98,Yes,No,No,77,72.1,91.8,83.3,19,0.06956
99,No,Yes,No,77.8,75.3,89,83.2,46,0.58962
100,Yes,No,No,77.6,78.3,98.2,83.1,15,0.18954
101,Yes,No,No,75.6,75.2,93.6,83,23,0.15856
102,Yes,Yes,No,75.4,81,94.3,82.8,16,0.01458
103,Yes,No,No,76,67,99,82.7,17,0.62512
104,Yes,Yes,No,76.1,86.4,91.6,82.6,16,0.20913
105,Yes,Yes,No,76.8,66.2,94.4,82.4,16,0.09551
106,Yes,No,No,67.4,82.8,99.1,82.3,35,0.33309
107,No,Yes,Yes,79.6,73.4,85.1,82.2,15,0.79724
108,No,Yes,Yes,75.8,71.9,82.2,82,15,0.10787
109,No,Yes,Yes,76.9,75.4,86.5,81.6,15,0.58794
110,Yes,No,No,71.8,81,95.5,81.5,35,0.446
111,No,Yes,Yes,69.8,68.6,94.3,81.3,33,0.1639
112,Yes,No,No,72.3,61.5,97,81.2,17,0.83994
113,Yes,Yes,No,73.8,61.8,92.6,81,28,0.07895
114,Yes,No,No,79.8,72.2,95,81,20,0.10748
115,Yes,No,No,79,66,94.4,81,20,0.07518
116,Yes,Yes,No,77,73.5,88.9,80.9,16,0.07122
117,Yes,No,No,70.4,73.2,93.5,80.5,19,0.30201
118,No,Yes,No,68.6,70.2,96.3,80.3,36,0.51083
119,Yes,Yes,No,74.7,69.3,97,79.9,13,0.61834
120,Yes,No,No,73.5,62.2,96.6,79.9,17,0.38831
121,Yes,No,No,71.8,64.7,93.6,79.5,20,0.28303
122,Yes,No,No,69.8,71.4,96.5,79.5,15,0.42842
123,Yes,No,No,71.6,74.8,91.5,79.4,19,0.34721
124,Yes,No,No,70.3,69.3,95.7,79.3,35,0.15575
125,Yes,No,No,73.9,53,96.7,79.3,17,0.54502
126,No,Yes,Yes,74.4,80.1,83,79.3,15,0.25672
127,No,No,Yes,68.4,53.4,96.1,79.2,38,0.71135
128,Yes,Yes,No,70,69.2,90.8,79.2,16,0.55829
129,Yes,No,No,72.7,68.9,96.9,79.2,15,0.59845
130,No,Yes,Yes,71.7,77.5,79.4,79.2,34,0.69198
131,Yes,No,No,72.1,64.8,90.8,79.1,19,0.86005
132,Yes,No,Yes,70.2,61.5,90.3,78.8,26,0.9891
133,Yes,Yes,Yes,75.5,70.7,91,78.8,9,0.56749
134,No,Yes,No,70.4,60.4,85.1,78.7,46,0.77756
135,No,Yes,No,74,67.6,80.6,78.4,46,0.87684
136,Yes,No,No,65.7,71.5,97.4,78.4,35,0.32025
137,No,Yes,No,87.9,71.9,71.3,78.3,10,0.14926
138,No,Yes,Yes,73.6,67.5,84.5,78.3,15,0.29987
139,No,No,No,64.5,68.8,93.8,78.2,37,0.42106
140,Yes,Yes,No,68.2,71.1,95.9,78,13,0.6806
141,No,Yes,Yes,68.4,67.5,83.7,77.9,35,0.05429
142,No,Yes,No,70.5,66.5,84.1,77.6,46,0.84945
143,No,Yes,Yes,74.4,81.2,67.2,77.5,34,0.83486
144,No,No,No,60.6,75.1,92.2,77.5,22,0.76586
145,Yes,No,No,62.6,58.9,97.4,77.4,17,0.2135
146,No,Yes,Yes,68.6,66.6,85.2,77.4,25,0.72112
147,No,Yes,Yes,69.1,64.4,84,77.3,25,0.15141
148,No,Yes,Yes,70.5,64.4,85.7,77.3,13,0.81635
149,Yes,Yes,No,74.7,60.3,95.3,77.2,19,0.17755
150,Yes,No,No,70.2,58,97.1,77.1,15,0.26766
151,Yes,No,Yes,66.6,59.8,91.9,77,26,0.10049
152,Yes,Yes,No,76.1,74.1,88.2,76.9,11,0.43781
153,Yes,No,No,66.8,63.5,92.3,76.5,17,0.42612
154,Yes,Yes,No,70.8,54,98.2,76.5,13,0.48647
155,No,Yes,No,84.7,76,69.8,76.4,10,0.72516
156,Yes,No,No,66.3,62.5,98.6,76.2,15,0.5188
157,No,Yes,No,68.4,63.3,90.8,76.1,36,0.93506
158,No,Yes,No,81.4,75.1,74.7,76.1,10,0.19268
159,No,No,No,61.3,53.5,94.6,76.1,54,0.23537
160,Yes,No,No,63.1,65.4,93.9,76,35,0.32371
161,Yes,No,No,64.5,51.8,95.3,75.9,15,0.85122
162,Yes,Yes,No,74.3,71.3,90.6,75.8,11,0.4368
163,Yes,Yes,Yes,74.2,77.9,80.8,75.8,20,0.47865
164,No,Yes,No,74.4,71.4,75.2,75.7,23,0.51689
165,No,Yes,No,87.7,81.9,58.1,75.6,10,0.76114
166,Yes,No,Yes,56.1,57.5,99.4,75.6,11,0.71755
167,No,No,Yes,78.4,69.9,62.1,75.6,38,0.26651
168,Yes,Yes,No,67.1,56,98.6,75.6,13,0.61334
169,No,Yes,No,72.8,67.4,77.1,75.5,23,0.70865
170,No,No,Yes,68.6,70.5,73.5,75.4,35,0.92886
171,No,Yes,Yes,62,59.5,86.6,75.4,35,0.57232
172,Yes,No,Yes,67.9,56.6,83.2,75.3,26,0.0565
173,No,Yes,Yes,60.2,63.2,91.5,75.3,25,0.21594
174,Yes,Yes,No,63.4,73,96.2,75.2,11,0.74943
175,No,No,No,69.5,47.5,96.5,75.1,4,0.76359
176,Yes,No,Yes,56.6,54,98.8,75,11,0.05655
177,Yes,Yes,Yes,69.5,60.1,89.6,74.9,9,0.05118
178,No,Yes,Yes,59.9,66.9,87.3,74.8,18,0.54925
179,Yes,Yes,Yes,64.5,66.2,86.8,74.5,20,0.92395
180,No,Yes,Yes,68.8,58.6,88.2,74.4,17,0.60795
181,No,Yes,No,86.1,74.3,69.1,74.3,10,0.00332
182,Yes,No,No,61.6,63.9,92,74.3,35,0.04102
183,Yes,Yes,Yes,67.9,65.3,81.5,74.2,20,0.26466
184,No,Yes,Yes,65.1,65.8,80.3,73.8,25,0.48728
185,Yes,Yes,No,70.9,65.1,85,73.8,8,0.77942
186,Yes,Yes,No,65.6,55.2,95.6,73.4,13,0.11252
187,No,Yes,Yes,61,69.1,66,73.3,34,0.04837
188,Yes,Yes,No,43.8,61.3,90.8,73.2,11,0.98798
189,Yes,Yes,No,45.5,58.9,95,73.2,13,0.34773
190,No,No,No,53.9,64.8,73.1,73.1,22,0.44103
191,No,Yes,Yes,62.8,69.8,66.5,73.1,32,0.05669
192,Yes,Yes,Yes,58.1,66.9,72.9,73,20,0.28987
193,Yes,Yes,No,43.4,66,97.8,73,11,0.86943
194,No,No,No,45.4,37,95,73,54,0.04988
195,No,Yes,Yes,52.5,64.6,78.7,72.9,34,0.78647
196,Yes,Yes,No,58.8,59.4,89.2,72.8,19,0.84767
197,Yes,No,Yes,50.5,57.2,85.8,72.8,26,0.82254
198,No,Yes,No,57.1,59.1,78.9,72.6,23,0.90701
199,No,No,No,61.3,55.7,77.3,72.4,22,0.23295
200,Yes,Yes,No,57.4,51.3,90.1,72.4,8,0.77799
201,No,Yes,Yes,59,65.8,66.4,72.4,34,0.15
202,No,No,Yes,57,75.1,60.5,72.3,38,0.81088
203,Yes,Yes,Yes,52.3,57,91.5,72.3,9,0.10058
204,Yes,Yes,Yes,55.7,53,91.3,72.2,9,0.61115
205,Yes,Yes,No,45.9,55.8,98.7,72.2,11,0.48871
206,Yes,No,Yes,47.6,51,99.2,72.2,11,0.94441
207,Yes,No,Yes,50,52.3,99.9,72.1,11,0.69215
208,Yes,No,Yes,46.8,72.7,86,72.1,26,0.40396
209,No,Yes,No,43,61.4,92.3,72,36,0.03304
210,No,Yes,No,71.8,72.4,69.1,72,14,0.14047
211,No,Yes,Yes,50.2,72.4,80.7,71.9,35,0.2847
212,No,Yes,Yes,55.1,69.1,83,71.9,13,0.28069
213,Yes,Yes,Yes,52.7,79,77.8,71.9,20,0.60746
214,Yes,Yes,No,57.7,71.3,87.7,71.9,11,0.85279
215,Yes,Yes,No,48.9,71.6,82.7,71.8,13,0.86903
216,Yes,No,No,53,62.8,95.2,71.8,17,0.50669
217,No,Yes,Yes,54.5,69,85.3,71.8,25,0.35157
218,No,Yes,No,61,74.9,69,71.7,23,0.24703
219,Yes,No,Yes,54.4,68.6,87.9,71.6,26,0.24146
220,Yes,Yes,Yes,52,78.9,79.4,71.4,20,0.65808
221,No,No,Yes,45.8,75.1,72.6,71.2,35,0.66091
222,Yes,Yes,No,56,68.7,83.4,71.2,13,0.20014
223,No,Yes,Yes,52.4,70.9,80.6,71.2,35,0.76195
224,Yes,Yes,No,53.8,67.7,87.2,71.1,11,0.2956
225,No,Yes,No,70.4,83,60.9,71.1,10,0.40233
226,No,Yes,Yes,49.7,69.2,83.3,71,35,0.43379
227,Yes,Yes,No,55.1,72.7,84.3,71,13,0.25709
228,No,No,Yes,57.6,72.8,70.1,71,38,0.78824
229,No,Yes,Yes,58.7,79,63.4,70.9,34,0.99299
230,No,Yes,Yes,60.4,74.2,71.3,70.9,31,0.37882
231,No,No,No,41.7,56.9,95,70.9,54,0.73
232,No,Yes,Yes,42.9,67.9,83.7,70.8,25,0.29392
233,No,Yes,No,66.4,61.3,72.2,70.7,14,0.49315
234,No,Yes,No,73.5,67.9,64.3,70.7,14,0.12061
235,Yes,No,No,47,58.9,96.1,70.5,17,0.17773
236,Yes,Yes,Yes,50.1,74,84.7,70.5,13,0.82062
237,No,Yes,Yes,51.4,66.5,85.5,70.4,13,0.39748
238,No,Yes,No,50.9,62.9,88.3,70.4,36,0.84302
239,Yes,Yes,Yes,41.3,69.7,92.2,70.3,9,0.19463
240,No,Yes,Yes,46.9,67.7,76.9,70.1,34,0.65511
241,Yes,Yes,Yes,50.1,72.5,85.4,70,13,0.01667
242,Yes,No,Yes,31.4,61.4,99.2,70,11,0.53103
243,No,Yes,No,56.3,83,58.8,70,10,0.92337
244,No,No,Yes,43.6,66.9,87.8,70,21,0.53239
245,Yes,No,No,47.9,63,88.6,69.9,17,0.16371
246,Yes,Yes,No,60.3,62.4,89.5,69.9,19,0.56624
247,No,Yes,Yes,49.7,77,73.6,69.9,16,0.83208
248,No,Yes,Yes,48.2,74.2,69.2,69.8,30,0.79378
249,Yes,Yes,No,46.1,68.2,86.6,69.7,11,0.69127
250,No,Yes,No,45.3,69.9,76,69.6,23,0.38492
251,Yes,No,No,48.8,55.7,96.4,69.6,19,0.48094
252,No,No,No,50.9,56.1,91.4,69.5,30,0.18536
253,No,No,Yes,47.7,77.3,72.3,69.5,35,0.97151
254,No,No,No,51.9,63.9,88.2,69.4,4,0.63504
255,No,No,No,47.6,62.3,88.3,69.4,37,0.26883
256,No,Yes,Yes,53,66,80.1,69.4,20,0.47201
257,Yes,Yes,No,57.6,62.6,92.6,69.3,8,0.61005
258,No,Yes,No,40.9,61.9,86.8,69.2,36,0.05321
259,No,No,Yes,31.4,51.8,98.2,69,36,0.02938
260,Yes,Yes,No,44.2,65.4,92.3,69,19,0.2591
261,No,No,No,51.6,47.7,87.1,69,20,0.1325
262,Yes,No,No,50.7,60.3,94.1,68.9,19,0.46797
263,No,No,No,55.8,48.2,95.7,68.6,20,0.42744
264,Yes,Yes,No,44,66.6,96.4,68.6,11,0.15536
265,Yes,No,Yes,40.8,58.2,99.4,68.4,11,0.36872
266,No,Yes,Yes,41.1,64.2,80.2,68.2,35,0.50852
267,No,Yes,Yes,28.4,61.3,85.6,68.2,33,0.12846
268,No,Yes,No,41.5,68.1,74.5,68.1,23,0.97083
269,No,Yes,Yes,38.4,66,77.3,68.1,34,0.21994
270,No,Yes,Yes,38.3,68.1,77.5,68.1,28,0.0511
271,No,No,No,43.1,67.7,76,67.8,22,0.0527
272,Yes,No,No,39.6,55.2,97.1,67.8,17,0.02207
273,No,No,No,45.2,64.7,87.4,67.8,11,0.7357
274,No,No,No,45.9,48.3,95.9,67.7,54,0.25566
275,No,Yes,Yes,55.8,59.9,84.6,67.6,13,0.07175
276,No,No,No,40.2,56.8,87.6,67.6,37,0.23515
277,No,Yes,No,41.6,56.9,87.6,67.5,36,0.84219
278,No,No,Yes,43.1,72.6,65.1,67.5,38,0.28456
279,Yes,Yes,No,45.4,58.4,87.9,67.4,19,0.96293
280,Yes,Yes,No,37,63,96.7,67.4,11,0.68338
281,Yes,No,No,41.5,52.9,96.4,67.2,17,0.41178
282,No,No,Yes,35.4,66.1,82.6,67.2,36,0.04093
283,No,Yes,No,54.5,76.4,55.2,67.1,10,0.01473
284,No,No,Yes,42.9,62.4,81,67,35,0.11518
285,No,No,No,54.8,72.7,62.3,67,22,0.28235
286,No,Yes,Yes,43.3,55.9,92.5,67,12,0.88761
287,Yes,Yes,Yes,36.5,64.6,83.4,67,29,0.27121
288,Yes,Yes,No,61.7,60.9,80.1,67,12,0.26231
289,No,Yes,Yes,36.2,62.8,82.4,67,27,0.76301
290,Yes,No,No,45.3,55.6,99.2,67,17,0.188
291,Yes,No,No,37.4,50.6,99.1,66.9,26,0.94191
292,Yes,No,No,65.4,50.9,94.2,66.8,17,0.84351
293,No,No,No,77.1,74.8,57.8,66.8,7,0.817
294,No,No,No,57.1,68,76.8,66.8,22,0.29252
295,No,Yes,Yes,48.1,64.3,88.1,66.6,7,0.98187
296,No,No,No,55,56.1,83.8,66.5,54,0.73583
297,No,No,Yes,53.7,70.9,71.1,66.5,35,0.05118
298,Yes,Yes,No,58,54.5,95.9,66.4,8,0.24775
299,No,No,No,53.1,43.9,95.3,66.3,54,0.7616
300,Yes,Yes,No,68.4,57.1,81.9,66.3,20,0.59909
301,No,No,No,53.5,59.3,82.8,66.2,37,0.73495
302,No,Yes,Yes,59.7,71,67.2,66.1,18,0.9024
303,Yes,No,No,57.8,49.5,97.7,66.1,17,0.68358
304,Yes,Yes,Yes,49.4,54.7,91.6,66,16,0.96092
305,No,No,No,57.5,48.6,92.7,66,2,0.68818
306,No,Yes,Yes,66.4,75.4,50.6,66,28,0.54874
307,Yes,No,No,64.9,59.5,78.1,65.9,10,0.15776
308,No,Yes,No,76.7,81.4,48,65.9,10,0.8277
309,No,No,No,61.6,46.9,90.3,65.9,20,0.67474
310,Yes,Yes,Yes,59.9,64.7,82.9,65.9,13,0.43985
311,Yes,Yes,No,57.9,58.6,91,65.9,8,0.1956
312,No,No,Yes,55,73.8,61.5,65.9,25,0.45452
313,Yes,Yes,Yes,53.5,61,88,65.9,13,0.23718
314,Yes,Yes,No,55,69.2,81.4,65.8,12,0.94561
315,No,Yes,Yes,59,61.1,75.6,65.7,34,0.02227
316,No,Yes,Yes,59.5,70.1,62.9,65.7,28,0.26556
317,No,No,No,56.5,54.7,80.7,65.7,30,0.68232
318,No,No,Yes,50.5,63.1,85.2,65.7,10,0.27319
319,Yes,Yes,Yes,57.6,69.1,76.4,65.6,13,0.33533
320,Yes,No,No,59.8,53.6,93.9,65.6,19,0.1443
321,No,Yes,No,82.3,64.1,51,65.6,14,0.15115
322,Yes,Yes,No,49.3,58.9,93,65.5,20,0.81304
323,No,No,Yes,61.6,69.9,61.5,65.3,38,0.04165
324,Yes,No,No,64.1,52.3,83.9,65.2,14,0.15528
325,No,Yes,No,76.4,79.2,47.3,65.2,10,0.93425
326,No,Yes,No,70,61.9,63.7,65.2,14,0.24298
327,No,No,Yes,54,67.1,78.4,65.1,10,0.00678
328,No,Yes,No,64.1,68.3,65,65.1,10,0.5941
329,Yes,Yes,No,57.3,70.7,68.8,65,13,0.44474
330,No,Yes,No,72.3,58.1,62.8,65,14,0.08331
331,Yes,No,No,59.7,57,77.7,64.9,19,0.73435
332,Yes,Yes,No,53.5,66.7,83.4,64.9,12,0.13418
333,Yes,Yes,Yes,61.4,62.7,81.2,64.9,13,0.20466
334,No,No,No,76.4,72,56.3,64.8,7,0.58355
335,No,Yes,No,75.5,77.1,48.7,64.8,10,0.33831
336,Yes,Yes,No,61.3,72.6,67.9,64.7,11,0.79779
337,No,No,Yes,51.8,66.8,72.9,64.7,36,0.55292
338,No,No,No,78.9,77.7,46.3,64.6,7,0.52593
339,No,No,No,56.4,51.9,92.3,64.6,4,0.50842
340,Yes,Yes,No,57.6,55.3,90.2,64.5,8,0.88384
341,No,No,No,63.5,63.2,71.4,64.5,9,0.8953
342,No,Yes,Yes,58.1,58.7,74.3,64.5,34,0.82774
343,No,No,Yes,56.9,64.6,68.9,64.4,36,0.91154
344,No,Yes,Yes,54.4,66.1,69.6,64.4,27,0.25518
345,No,No,Yes,51.8,65.1,71.2,64.4,35,0.4283
346,No,No,No,47.6,51.6,91.2,64.3,25,0.50759
347,No,Yes,No,74.9,66.6,52.7,64.2,10,0.49797
348,Yes,No,No,60.7,46.2,95.6,64.2,17,0.92734
349,Yes,Yes,No,55.3,65.9,79.4,64.2,12,0.78102
350,No,Yes,Yes,48,64.7,82.4,64.1,7,0.58916
351,Yes,No,No,55.5,54.2,92,64.1,19,0.99264
352,Yes,No,No,53.6,51.9,91.4,64,17,0.81363
353,Yes,Yes,No,65.8,48.7,80.2,64,20,0.78922
354,No,No,No,69.9,68.9,58.4,64,9,0.99219
355,Yes,Yes,No,62,50.7,82.9,63.9,19,0.05711
356,Yes,Yes,Yes,59.8,71.9,63.1,63.8,22,0.57399
357,No,Yes,Yes,53,63.6,71.8,63.7,18,0.98802
358,Yes,Yes,No,54.4,59.7,80.4,63.7,13,0.63072
359,Yes,No,No,56.4,46.7,94.4,63.6,17,0.92866
360,No,No,Yes,47.9,51.9,87.7,63.6,24,0.12209
361,Yes,No,No,56.5,46.1,95.3,63.5,17,0.20146
362,No,Yes,No,66.8,65.9,59.9,63.5,10,0.63182
363,No,No,Yes,37.2,55.2,95.6,63.5,18,0.07945
364,No,No,No,49.8,54.2,80.9,63.2,37,0.74161
365,No,Yes,Yes,50,52.5,92.5,63.2,12,0.47513
366,No,No,Yes,54.9,53.7,73.8,63.2,21,0.54772
367,Yes,No,No,55.4,52,91.3,63.2,19,0.17921
368,No,No,No,69.5,69.5,58.2,63.2,7,0.84291
369,Yes,Yes,No,55.5,56.4,81.2,63.2,13,0.63538
370,No,Yes,Yes,57.9,72.2,60.2,63.2,20,0.43746
371,No,Yes,Yes,55.4,54.1,83.3,63.1,13,0.53279
372,Yes,No,No,63.4,48.4,77.8,63,18,0.60245
373,No,Yes,Yes,59.1,57.5,76.4,63,13,0.86976
374,Yes,Yes,No,61.8,56.2,77.5,63,12,0.73809
375,No,No,Yes,44.5,64.1,80.2,62.9,18,0.2584
376,Yes,Yes,No,57.1,62.6,77.8,62.9,11,0.46444
377,No,No,No,65.6,60,67,62.9,9,0.44181
378,Yes,Yes,No,54.6,64.8,76,62.9,12,0.4322
379,Yes,No,No,56.4,45.1,89.1,62.8,10,0.52826
380,No,No,No,70.4,68.4,57,62.8,7,0.79419
381,Yes,Yes,No,58.5,58.3,78.3,62.7,10,0.03853
382,No,Yes,Yes,52.8,60.8,69,62.7,28,0.5596
383,No,No,No,50.1,51.7,85.4,62.5,25,0.59323
384,No,No,Yes,52.4,59.7,72.3,62.5,36,0.83889
385,No,Yes,Yes,48.1,58.5,73.3,62.5,36,0.37438
386,No,Yes,Yes,55.4,65.7,57.2,62.4,28,0.30303
387,No,No,Yes,43.3,56.9,84,62.4,12,0.4078
388,No,Yes,Yes,54.5,52.2,77.3,62.3,34,0.96858
389,Yes,Yes,No,50.4,61.9,80.5,62.3,12,0.37868
390,Yes,No,No,67.2,53.8,66,62.2,17,0.45028
391,No,Yes,Yes,43.9,55.9,75.9,62.2,33,0.20088
392,No,No,No,50.5,47.1,79.9,62.2,30,0.24075
393,Yes,Yes,No,63.5,54.9,67.2,62.1,12,0.99043
394,Yes,Yes,No,54.3,53.9,88.7,62,10,0.67588
395,No,No,No,56.6,33.5,96.4,62,20,0.9946
396,Yes,No,No,49.5,39.3,100,62,26,0.59406
397,Yes,Yes,No,58.3,52.9,79.4,62,12,0.53115
398,No,Yes,No,56.7,45.9,78.4,61.9,19,0.21318
399,No,No,Yes,48.2,46,96.4,61.9,5,0.52271
400,No,No,Yes,41.6,48.3,92.3,61.9,29,0.79775
401,No,No,Yes,48.4,60.4,82.1,61.9,6,0.67992
402,No,No,Yes,51,58.6,71,61.7,36,0.0161
403,Yes,Yes,No,54.6,55.1,85.2,61.7,10,0.31109
404,No,No,No,54.2,49,85.7,61.7,4,0.63134
405,No,Yes,Yes,47,59.8,79.3,61.7,12,0.4995
406,Yes,Yes,Yes,46.4,58.1,83.4,61.6,8,0.37253
407,No,No,Yes,59.9,75.1,45.1,61.6,25,0.10217
408,No,No,No,50.4,38.8,89.1,61.5,30,0.18638
409,Yes,Yes,No,50.6,50.3,92.3,61.5,10,0.68513
410,No,No,No,49.6,53.1,80.9,61.4,25,0.76466
411,Yes,No,Yes,38.3,50.4,99.6,61.4,1,0.7677
412,Yes,No,No,63.5,46.7,74.4,61.4,7,0.8888
413,No,Yes,Yes,61.4,49,75.5,61.4,17,0.42343
414,Yes,No,No,56.7,44.4,90.9,61.3,18,0.60556
415,No,Yes,Yes,48.6,59.9,72.9,61.3,18,0.83543
416,No,No,Yes,45,58.2,82.3,61.3,10,0.94728
417,No,No,Yes,47.4,53.1,78.2,61.3,37,0.668
418,No,Yes,Yes,49.8,61.9,64.3,61.2,28,0.66556
419,No,Yes,Yes,45.8,58.4,74.2,61.2,27,0.09679
420,No,Yes,Yes,44.1,61,80.9,61.2,12,0.94043
421,Yes,No,No,62,55.4,68.6,61.1,12,0.27074
422,Yes,Yes,No,54,58.3,80.1,61.1,11,0.8046
423,No,No,No,52.7,49.3,84.4,61.1,4,0.35206
424,No,No,Yes,41.9,49.9,85.5,61,15,0.98197
425,No,Yes,Yes,46.9,48,92.3,61,12,0.32792
426,No,Yes,No,49.8,42.7,86.2,61,19,0.89293
427,No,Yes,Yes,40.7,53.9,82.1,61,33,0.73441
428,No,No,No,44.2,47.7,89.9,60.9,25,0.82972
429,No,Yes,Yes,52.5,64.7,63,60.8,18,0.52327
430,No,No,Yes,46.5,38.8,90.5,60.7,26,0.03204
431,Yes,Yes,No,65.4,48.7,71.9,60.7,20,0.20816
432,No,No,Yes,42.3,44.5,93.3,60.7,24,0.84453
433,Yes,Yes,Yes,53.7,62.5,67,60.7,22,0.2769
434,Yes,Yes,No,54,51.1,80.4,60.7,12,0.86482
435,No,Yes,Yes,47.4,51.1,80.5,60.7,16,0.82297
436,No,Yes,No,59.2,43.5,80.6,60.5,18,0.61606
437,No,Yes,No,66.5,70.5,50,60.5,10,0.32037
438,Yes,No,No,53.1,36.1,95.6,60.4,7,0.89796
439,No,Yes,Yes,42.8,53.2,85.7,60.4,7,0.57061
440,No,No,No,49.7,47.3,78.8,60.4,47,0.87127
441,No,No,Yes,47.7,45.3,84.4,60.3,25,0.20419
442,No,Yes,Yes,51.4,50.9,84.1,60.3,12,0.80485
443,No,Yes,No,43.6,61.3,77.1,60.3,15,0.55962
444,No,No,No,45.6,61.3,75.1,60.1,11,0.43918
445,Yes,No,No,47.8,44.2,95.7,60.1,10,0.45767
446,No,Yes,Yes,43.4,58,73.3,59.9,27,0.786
447,No,Yes,Yes,45.1,48.8,89.6,59.9,12,0.41075
448,No,No,No,70.6,69.3,46.6,59.9,7,0.95008
449,No,No,Yes,37.5,47.7,82.7,59.9,48,0.5508
450,No,Yes,Yes,54,57.9,60.9,59.8,25,0.26558
451,Yes,No,No,44.1,35.5,99.9,59.8,26,0.22386
452,No,No,No,54.6,22.1,87,59.8,20,0.84275
453,Yes,No,No,41.7,30.1,99.9,59.8,26,0.99516
454,No,No,No,48.5,44.5,72.1,59.7,37,0.38039
455,Yes,No,No,48.3,21.1,96.7,59.7,18,0.75724
456,No,Yes,No,39.7,48.6,81.3,59.7,15,0.96055
457,Yes,Yes,No,51.6,36.6,83.2,59.7,12,0.57874
458,Yes,No,No,48.5,31.6,85.8,59.6,24,0.20146
459,Yes,No,No,52.1,27.6,86.8,59.6,10,0.12105
460,No,Yes,Yes,52.6,56.8,56.7,59.6,33,0.51473
461,No,Yes,Yes,52.6,33.4,81.4,59.6,17,0.77514
462,No,No,No,71.3,52.4,45.5,59.5,9,0.6346
463,No,No,Yes,42.4,28.4,91.6,59.5,35,0.16195
464,No,Yes,No,74.1,64.1,37.4,59.5,10,0.41479
465,No,No,Yes,39.4,32,94.3,59.5,28,0.24833
466,No,Yes,Yes,45.7,49.9,54.5,59.4,33,0.54412
467,No,No,Yes,41.9,34.2,84.2,59.4,10,0.80494
468,No,Yes,Yes,57.8,30.8,76,59.2,17,0.46447
469,No,No,Yes,55.5,51.4,42.6,59.2,25,0.36487
470,No,Yes,Yes,51.8,37.4,69,59.1,27,0.2621
471,No,Yes,Yes,47.9,36.2,81.9,59.1,27,0.5784
472,Yes,No,No,52.6,19.4,94.8,59.1,14,0.7598
473,No,No,Yes,55.8,58.3,47.2,59.1,25,0.27842
474,No,No,Yes,39.8,40.7,82.3,59.1,18,0.07842
475,No,Yes,Yes,59.2,36.5,70.3,59,17,0.6039
476,Yes,Yes,Yes,55.8,37.2,72,59,9,0.64873
477,Yes,No,No,45.9,23,99.9,59,26,0.55466
478,No,No,Yes,42.3,40.9,81.7,59,15,0.62163
479,Yes,Yes,No,58.7,36.2,81.2,59,20,0.86589
480,No,No,No,46.3,29.5,82.3,59,30,0.33349
481,No,No,Yes,44.3,29.8,77.5,59,21,0.23215
482,No,No,Yes,39.8,39.1,91,58.9,24,0.63032
483,No,No,No,43.7,26.7,85.1,58.9,25,0.51742
484,No,No,Yes,43.8,52,71.6,58.8,12,0.73377
485,No,Yes,No,50,22.6,80,58.8,19,0.78918
486,No,Yes,Yes,47.4,48.4,66.6,58.8,28,0.36726
487,No,Yes,Yes,45.1,27.5,85.3,58.8,13,0.31769
488,Yes,No,No,54.4,34.3,82.5,58.8,14,0.26452
489,No,No,Yes,39.8,30.8,84.9,58.8,15,0.96793
490,No,Yes,Yes,57.1,23.5,78.5,58.7,17,0.6172
491,Yes,Yes,Yes,42.3,26.4,97.1,58.7,8,0.8965
492,No,Yes,Yes,47.5,44.3,70.2,58.6,27,0.90601
493,No,Yes,Yes,48,34.9,82.9,58.6,17,0.33761
494,No,No,Yes,42.4,41.8,80.1,58.6,31,0.54333
495,No,No,No,34.1,28.3,93.3,58.5,40,0.3838
496,No,Yes,Yes,46.4,37.7,71.3,58.4,9,0.42635
497,No,No,Yes,41.2,25.1,81.4,58.4,24,0.08028
498,Yes,Yes,No,55.2,39.6,81.3,58.4,20,0.73009
499,No,Yes,Yes,62.4,44.2,51.6,58.3,26,0.44839
500,Yes,Yes,Yes,51.8,44.8,73.8,58.3,15,0.86118
501,Yes,No,No,48.3,20.6,93.5,58.3,10,0.65923
502,Yes,Yes,Yes,44,42.2,90.3,58.2,16,0.87853
503,No,No,No,42,48.4,76.6,58.2,11,0.09784
504,No,No,Yes,37.8,42.3,81.2,58.1,18,0.44605
505,No,No,No,48.7,22.2,84.8,58.1,20,0.42714
506,No,Yes,Yes,56.5,41.2,59.2,58,34,0.71614
507,No,Yes,Yes,38.2,34.8,80,58,7,0.97425
508,No,Yes,Yes,49.3,37.5,72.7,58,12,0.22941
509,Yes,Yes,Yes,47.3,34.6,76.8,58,15,0.70642
510,No,No,Yes,37.7,31.2,93.2,57.9,37,0.0109
511,Yes,Yes,No,44.9,43.4,83.9,57.9,9,0.40053
512,No,Yes,Yes,51.9,46.6,71.9,57.9,16,0.68959
513,No,No,Yes,39.5,28.1,88.3,57.9,24,0.57801
514,No,No,No,53.5,26.6,64.7,57.9,30,0.77374
515,Yes,No,No,37.9,18.1,99.7,57.9,26,0.07006
516,No,Yes,No,46.3,52.8,67.6,57.8,15,0.30904
517,Yes,No,No,50.7,28.8,93.3,57.8,16,0.67047
518,No,Yes,No,49.5,15.5,85.4,57.8,19,0.52035
519,No,No,No,50.8,33.8,72.9,57.7,29,0.99455
520,No,Yes,No,56.6,34,65,57.7,19,0.32134
521,Yes,No,No,54.6,24.9,79.2,57.7,5,0.11391
522,Yes,Yes,No,47,37.7,76.9,57.7,8,0.17493
523,No,No,Yes,39.1,27,81.4,57.7,24,0.91951
524,No,Yes,Yes,36.3,39.7,82,57.7,7,0.51234
525,No,No,No,36.9,41.7,79.8,57.7,14,0.91965
526,Yes,Yes,Yes,39.9,26.8,91.6,57.7,16,0.07957
527,No,No,Yes,34.5,35.7,86.9,57.7,15,0.86918
528,No,No,Yes,44.7,50.7,68.5,57.6,15,0.10832
529,No,Yes,Yes,49.4,47,67.6,57.6,20,0.7249
530,Yes,No,No,47.6,39.1,81.7,57.6,10,0.56713
531,No,No,Yes,42.4,19.6,86.3,57.5,23,0.02489
532,No,Yes,Yes,55.4,39.7,59.5,57.5,16,0.06966
533,No,Yes,Yes,47.8,44.6,60.9,57.5,36,0.05458
534,Yes,Yes,Yes,50.9,45.3,69.5,57.5,8,0.78424
535,No,No,Yes,33.4,34.1,83.6,57.5,27,0.41899
536,Yes,No,No,48.4,33.8,90.9,57.4,18,0.56415
537,No,No,Yes,50.1,41.6,66.3,57.4,21,0.29674
538,Yes,No,No,60.6,36.1,70.2,57.3,16,0.4023
539,Yes,Yes,No,52.4,45.2,70.1,57.3,8,0.49614
540,No,No,Yes,50.2,20.1,78.3,57.3,24,0.68953
541,Yes,No,No,45.8,17.4,94.5,57.3,14,0.23316
542,Yes,Yes,Yes,39.5,36.6,98.2,57.3,8,0.02722
543,Yes,Yes,Yes,51.1,41.4,74,57.3,15,0.84671
544,Yes,Yes,No,45.4,37.6,79.2,57.2,9,0.78559
545,Yes,No,No,46,17.8,92.3,57.2,26,0.56106
546,No,Yes,Yes,37.7,47.3,67.5,57.2,33,0.17276
547,No,Yes,Yes,49.4,40.3,63.2,57.2,16,0.61071
548,No,No,No,39.8,24.6,82,57.2,29,0.90158
549,Yes,No,No,44.7,43.2,79.7,57.1,16,0.99013
550,No,Yes,Yes,41.9,37.9,83.4,57.1,25,0.64022
551,No,No,Yes,54.2,39.1,67.2,57.1,5,0.19523
552,No,No,No,51.1,22.4,88.8,57,14,0.1727
553,No,No,Yes,45.4,35.3,71.7,57,10,0.39449
554,No,Yes,Yes,46.3,26.5,69.6,57,25,0.7275
555,No,Yes,No,52.8,16.7,82.9,57,18,0.06376
556,Yes,Yes,Yes,50.2,50.7,63.2,57,22,0.00681
557,No,Yes,Yes,50.4,38.2,71.2,56.9,20,0.77793
558,No,Yes,No,40.4,50.5,72.8,56.9,15,0.79841
559,Yes,No,No,56.5,31,80.4,56.9,17,0.07441
560,No,No,Yes,37.2,20.7,88.9,56.9,24,0.28037
561,No,Yes,Yes,43.7,44.4,65.7,56.9,36,0.98725
562,No,No,No,49.1,27.1,76.7,56.9,4,0.74995
563,Yes,Yes,Yes,51.6,41,69,56.8,8,0.62688
564,Yes,No,No,47,26.5,94.5,56.8,26,0.72103
565,No,Yes,Yes,51.2,29.4,76.5,56.8,20,0.37814
566,No,No,Yes,43.1,30.3,74.1,56.8,21,0.48897
567,Yes,Yes,No,48.6,28.4,84.4,56.7,10,0.92465
568,Yes,Yes,No,45,32.1,88.2,56.7,9,0.88168
569,No,No,Yes,49,33.4,75.4,56.6,6,0.77694
570,No,Yes,Yes,48.6,51.9,58.2,56.6,12,0.5296
571,Yes,No,No,51.5,35.9,85,56.6,10,0.30235
572,No,Yes,Yes,45.5,28.9,92,56.6,7,0.47055
573,No,Yes,Yes,42.1,49.5,71.2,56.6,9,0.99269
574,No,No,No,44.8,30.7,72.9,56.5,47,0.70025
575,No,No,No,43.2,32.8,76.6,56.5,47,0.18686
576,Yes,Yes,No,44.9,33.4,74,56.5,8,0.61747
577,Yes,No,No,43.3,28.5,90,56.5,10,0.43187
578,Yes,No,Yes,50.5,34.6,64.9,56.4,16,0.68249
579,No,No,Yes,32.5,32.9,96.2,56.4,24,0.49071
580,No,No,Yes,42.8,41,77.7,56.4,6,0.48258
581,Yes,No,No,43.6,21.9,92.9,56.4,14,0.8043
582,Yes,Yes,Yes,39.5,34.7,89.5,56.4,16,0.22518
583,Yes,Yes,Yes,53.4,57.7,55.7,56.3,8,0.61926
584,No,No,No,39.6,31.2,84.9,56.3,25,0.63538
585,Yes,Yes,Yes,57,49.8,43.9,56.2,22,0.7635
586,No,No,Yes,41.9,21.5,88.1,56.2,25,0.31599
587,No,No,Yes,49.5,41.2,71,56.2,31,0.95792
588,No,No,Yes,34.9,20.5,91.1,56.2,35,0.78165
589,No,Yes,Yes,42.5,38.6,73.8,56.2,9,0.69065
590,No,Yes,Yes,39.4,27.8,82.7,56.2,23,0.92856
591,No,No,No,52.2,44.6,66.9,56.1,5,0.75595
592,No,No,No,36.6,29.1,82.8,56.1,18,0.16363
593,No,No,Yes,38.3,31.3,88.2,56.1,24,0.25028
594,Yes,No,No,50.4,25.6,90.8,56.1,18,0.69382
595,Yes,No,No,46.7,16.1,93.9,56.1,14,0.98789
596,Yes,Yes,No,44.8,41.1,78.7,56.1,11,0.68389
597,Yes,Yes,No,45.2,34.3,84.4,56.1,10,0.47724
598,No,No,Yes,40,28.5,76.6,56.1,14,0.99329
599,No,No,No,34.9,32.7,85.6,56.1,18,0.8347
600,Yes,Yes,Yes,51.8,41.8,67.7,56.1,9,0.87713
601,Yes,Yes,No,46.3,34.2,77.6,56,12,0.03813
602,No,Yes,No,62.3,39.1,54.6,56,10,0.29146
603,No,Yes,No,56.3,23.5,81.1,56,18,0.95149
604,No,Yes,Yes,51.7,22.7,75.2,56,9,0.86012
605,Yes,Yes,Yes,43.9,43.7,75.4,56,8,0.31582
606,Yes,Yes,Yes,50,36.1,71.5,55.9,15,0.69153
607,No,No,No,38.3,39.1,75,55.9,11,0.98463
608,No,Yes,Yes,40.3,30.1,85.6,55.9,8,0.82268
609,No,No,No,34.3,35.5,84.9,55.9,10,0.55038
610,No,No,No,34.7,37.5,79.7,55.8,18,0.17538
611,Yes,Yes,Yes,39.7,18.6,96.4,55.8,8,0.54946
612,Yes,No,No,45.2,21.3,90.1,55.8,14,0.81371
613,No,No,No,37.1,20.2,83,55.7,47,0.41683
614,No,No,Yes,19.1,23.2,91.2,55.7,37,0.12493
615,No,No,No,23.9,13.5,97.6,55.6,25,0.17568
616,No,No,Yes,25.1,33.8,63.8,55.6,14,0.08495
617,No,No,No,21,36.4,85.3,55.6,33,0.86431
618,No,No,Yes,22.7,39.2,62.5,55.5,48,0.88843
619,No,Yes,Yes,31,35.9,74.9,55.5,9,0.68924
620,Yes,No,No,44,24.4,89.5,55.5,18,0.98266
621,No,Yes,Yes,19.3,25.1,95.7,55.4,24,0.3316
622,No,No,No,47.9,45.4,45.5,55.4,13,0.8082
623,Yes,Yes,Yes,26.2,23.3,93.5,55.4,16,0.62068
624,No,No,Yes,24.9,30.5,78.5,55.4,39,0.426
625,No,Yes,Yes,26.9,40.3,73.1,55.4,17,0.54665
626,No,No,Yes,41.4,35.7,56.9,55.3,14,0.7986
627,No,No,No,22.7,43.6,71.6,55.3,14,0.1674
628,No,Yes,Yes,30.8,39,64.8,55.3,20,0.29247
629,No,No,Yes,20.1,36.2,78.8,55.3,15,0.8838
630,No,No,Yes,18,23.5,83.7,55.3,29,0.84452
631,Yes,No,No,34.1,15.2,92,55.3,17,0.03422
632,No,Yes,No,36.7,22,79.2,55.3,21,0.16776
633,No,Yes,No,34.3,48,61.6,55.2,7,0.73011
634,Yes,Yes,Yes,21.3,27.6,81,55.2,16,0.64361
635,No,Yes,Yes,41.2,51.1,53.3,55.2,12,0.26722
636,No,Yes,Yes,14.3,23.8,93,55.2,8,0.80638
637,No,Yes,Yes,42.2,18.2,80.7,55.2,20,0.23579
638,Yes,No,No,40,31.2,87.7,55.2,10,0.54998
639,Yes,No,Yes,32.6,35.4,78.3,55.1,12,0.84227
640,No,Yes,Yes,44,17.1,76.3,55.1,20,0.15719
641,Yes,Yes,Yes,15,31.3,97.4,55.1,8,0.16004
642,No,Yes,Yes,38.3,28.7,75.5,55.1,18,0.94067
643,No,No,Yes,39.6,32.7,63.1,55,39,0.8542
644,Yes,No,No,22.6,29.2,94.1,55,10,0.38278
645,Yes,No,No,44.9,23,73.5,55,12,0.47435
646,Yes,No,No,43,22.6,82.8,55,17,0.87072
647,Yes,No,No,41.8,20.7,86.5,55,10,0.35524
648,Yes,No,No,39.8,25.7,89.9,54.9,16,0.21812
649,No,No,Yes,19.5,14.7,99,54.9,37,0.93201
650,No,Yes,Yes,48.7,43.9,45.2,54.8,18,0.09827
651,No,No,Yes,20.3,35.2,75.1,54.8,6,0.30158
652,No,Yes,Yes,31.1,39.8,62.8,54.8,27,0.13403
653,No,Yes,Yes,17.1,34.2,82.5,54.8,8,0.7878
654,No,No,No,36.7,48.7,68.3,54.7,11,0.59134
655,No,Yes,Yes,35.9,33.9,56.6,54.7,23,0.99877
656,Yes,No,No,21.2,16.7,91.8,54.7,10,0.82534
657,No,Yes,Yes,29.4,34.1,63.6,54.7,23,0.57686
658,No,Yes,No,47.2,27.2,66,54.6,10,0.04944
659,No,No,No,24.7,27.1,73.5,54.6,40,0.87391
660,Yes,No,No,49.2,20.2,78.4,54.6,17,0.83504
661,No,Yes,Yes,36.5,32.9,65.4,54.6,36,0.7274
662,No,Yes,Yes,17.1,33,90.9,54.6,8,0.92564
663,No,Yes,Yes,26.6,18.4,78.8,54.6,20,0.95675
664,No,Yes,Yes,23.2,45,70.9,54.6,12,0.77005
665,Yes,Yes,Yes,33.4,35.7,63.7,54.5,15,0.54225
666,No,No,No,31.2,30.9,64.6,54.5,18,0.83379
667,No,No,No,51.2,44.6,47.1,54.5,9,0.249
668,Yes,Yes,No,30.1,29.6,85.8,54.5,9,0.70508
669,Yes,No,Yes,22.1,29.6,99.9,54.5,1,0.91108
670,Yes,Yes,Yes,36,47.9,56,54.5,9,0.6419
671,No,No,Yes,23.3,24.7,79.4,54.5,15,0.54997
672,No,No,No,33.5,39.5,68.4,54.5,22,0.70532
673,No,Yes,Yes,17.7,34.5,73.8,54.5,16,0.53734
674,No,Yes,Yes,37.8,51.1,52.8,54.4,9,0.28784
675,No,No,No,23.5,35.9,74.9,54.4,33,0.24657
676,No,No,Yes,41.3,44.9,59.3,54.4,10,0.15828
677,Yes,Yes,Yes,30.4,43.6,73.6,54.4,15,0.7366
678,No,No,No,47.7,51.1,45.1,54.4,22,0.80572
679,Yes,No,No,28.5,27.9,87,54.4,16,0.39133
680,No,No,Yes,33.9,40.5,58.8,54.4,37,0.83227
681,No,No,Yes,20.4,31.2,86.1,54.4,35,0.9213
682,No,Yes,Yes,48.7,53,49.7,54.3,23,0.72538
683,No,No,Yes,14.4,34.1,70.1,54.3,48,0.67339
684,Yes,Yes,No,31.2,23.3,88.1,54.3,11,0.06517
685,No,No,Yes,28.6,40.3,65.1,54.2,29,0.78344
686,Yes,Yes,No,39.1,33,78.3,54.2,8,0.26363
687,No,Yes,Yes,31.8,44.5,63.6,54.2,25,0.81106
688,Yes,Yes,Yes,17.1,30.8,89.7,54.1,16,0.57903
689,No,Yes,Yes,23.3,39,77.5,54.1,27,0.10512
690,No,Yes,Yes,27.9,49.2,75.9,54,8,0.57225
691,Yes,Yes,Yes,36.6,49.4,57.8,54,22,0.33932
692,No,No,No,30.7,54.3,73.3,54,10,0.62711
693,Yes,Yes,Yes,30.8,50.5,62.2,54,22,0.49447
694,No,No,Yes,11.6,34.8,92,53.9,35,0.09275
695,No,Yes,No,29.3,30,83.3,53.9,18,0.46422
696,No,No,Yes,30.5,48.1,79,53.9,6,0.19664
697,No,No,Yes,33.1,45.8,68.2,53.9,37,0.55476
698,No,Yes,No,29.2,33.1,81.4,53.9,19,0.94005
699,Yes,No,Yes,13.1,34.2,99.9,53.9,1,0.06341
700,No,No,No,18.9,45.6,76.2,53.9,22,0.50136
701,No,Yes,Yes,28.6,48.7,68.4,53.8,16,0.59502
702,No,No,No,17.4,32.9,88.9,53.8,40,0.4191
703,No,No,Yes,24.5,37.2,78.2,53.8,39,0.32867
704,No,Yes,No,29.3,40,83.8,53.8,10,0.90535
705,No,Yes,Yes,37.6,54.4,51.7,53.7,23,0.20677
706,No,Yes,Yes,37.1,56.5,51.5,53.7,20,0.74491
707,No,No,No,46,56.1,52,53.7,13,0.80073
708,Yes,No,Yes,18.6,31.9,100,53.7,1,0.65633
709,No,Yes,Yes,35.1,51.9,61.1,53.7,33,0.04917
710,No,No,Yes,35.6,46,67.5,53.6,31,0.54206
711,No,Yes,No,26.2,40.4,74.3,53.6,19,0.23185
712,No,No,No,17,44.8,76.2,53.6,22,0.25437
713,No,No,No,20.9,38.9,79.2,53.6,29,0.55738
714,Yes,No,No,35.8,29.9,89.7,53.6,26,0.65123
715,No,No,No,30.7,35.9,81.4,53.6,47,0.78741
716,No,No,Yes,21.9,30.4,92.8,53.6,35,0.45241
717,No,No,Yes,30.2,42.5,73.1,53.5,39,0.54675
718,No,Yes,No,43.2,26.7,82.3,53.5,18,0.27701
719,No,No,No,50.7,63.4,40,53.4,9,0.96632
720,No,No,Yes,23.9,48.3,79.1,53.4,11,0.49398
721,No,No,Yes,25.5,41,77.5,53.4,29,0.22354
722,Yes,Yes,Yes,29.2,33.3,97.3,53.4,8,0.13229
723,No,Yes,Yes,32.8,44.4,62.9,53.4,25,0.9376
724,No,Yes,Yes,27.5,44.7,74,53.4,12,0.66862
725,No,Yes,Yes,17.2,33.8,90.5,53.4,28,0.8124
726,No,No,No,51.3,62.5,41.2,53.3,7,0.02169
727,No,Yes,Yes,32.4,41.4,64.3,53.3,16,0.95303
728,Yes,Yes,No,37.6,59.8,54.8,53.3,11,0.31643
729,Yes,No,No,30.8,37.5,87.3,53.3,12,0.14095
730,No,No,No,15.3,41.1,75.3,53.2,18,0.22393
731,Yes,Yes,No,35.3,44.2,72.5,53.2,13,0.67728
732,No,Yes,No,51.4,65.7,45.5,53.2,7,0.19136
733,Yes,Yes,Yes,23.3,41.3,81,53.2,9,0.24054
734,Yes,No,No,41.5,37.4,82.9,53.2,17,0.65536
735,No,No,Yes,43.5,66.1,31.2,53.1,25,0.88657
736,No,Yes,Yes,46.5,47,48.7,53.1,25,0.93429
737,No,No,No,31.8,55.8,57,53.1,5,0.75101
738,No,No,No,42.7,55.6,48.9,53.1,7,0.4838
739,No,No,Yes,24.9,50.8,68.1,53.1,12,0.2479
740,No,Yes,Yes,29.1,52.2,63.4,53,9,0.76288
741,No,No,Yes,28.3,40.2,78.1,53,29,0.12216
742,No,No,Yes,13.1,22.4,98.9,53,37,0.58881
743,No,No,No,25.3,40.5,75.9,53,9,0.09084
744,No,No,Yes,8.6,24.1,98.2,52.9,37,0.12833
745,No,No,No,41.5,49.7,49.1,52.9,21,0.32315
746,No,No,Yes,24.5,45.1,74.2,52.9,6,0.57309
747,No,No,Yes,23.1,47.1,65.8,52.9,48,0.00548
748,No,No,Yes,25,48.6,71.1,52.9,12,0.54235
749,No,Yes,No,24.6,48.5,74.9,52.9,15,0.19178
750,No,No,Yes,12.8,43.2,72.4,52.9,26,0.01225
751,No,No,No,21.9,28.7,92.7,52.9,28,0.80296
752,No,No,No,24.1,45.6,68.8,52.9,26,0.19684
753,No,No,No,45,58.9,49.5,52.8,13,0.63752
754,No,No,Yes,27.1,23.2,87.8,52.8,24,0.03972
755,No,Yes,No,36.5,48.6,65.8,52.8,21,0.42347
756,No,Yes,Yes,26.3,33.1,87.7,52.8,17,0.91077
757,No,No,Yes,46.4,53.5,53.8,52.8,9,0.9528
758,No,No,No,33.9,42.1,73.1,52.7,12,0.16316
759,No,No,No,33.9,28.2,79.6,52.7,18,0.56516
760,Yes,No,No,23.9,29.2,87.7,52.7,26,0.98856
761,No,No,Yes,23,39.1,74.3,52.7,31,0.17116
762,No,No,No,37.1,50.5,59.1,52.6,22,0.7118
763,No,Yes,Yes,35.3,54.5,50.1,52.6,16,0.42906
764,No,No,Yes,30.5,46.5,77.8,52.6,6,0.12572
765,No,Yes,Yes,19.7,33.2,89.4,52.6,24,0.43874
766,No,Yes,Yes,30.8,47.1,61.8,52.6,23,0.32663
767,No,No,No,11.8,35.3,86.6,52.6,18,0.28032
768,No,No,Yes,32.9,49.2,58.4,52.5,31,0.61752
769,Yes,No,Yes,12.5,36.6,99.9,52.5,1,0.75192
770,No,No,Yes,13.4,21.2,97.5,52.5,37,0.50315
771,Yes,No,Yes,21.4,29.1,95.9,52.5,19,0.44747
772,No,No,No,30.7,44.8,55.1,52.5,21,0.29317
773,Yes,Yes,Yes,37.8,52.1,62.2,52.5,9,0.01072
774,No,No,Yes,20.4,37.1,90.7,52.5,6,0.90391
775,No,Yes,Yes,39.1,49.4,51.9,52.4,25,0.85104
776,Yes,Yes,Yes,23.4,50.1,70.4,52.4,8,0.21302
777,No,Yes,Yes,17.6,41.4,88.7,52.4,8,0.15327
778,Yes,Yes,No,19.4,44.4,74.6,52.4,8,0.89242
779,No,No,No,37.9,53.5,57.8,52.4,22,0.94597
780,No,No,No,29,44.3,63.9,52.4,21,0.48496
781,No,No,Yes,37.6,51.6,58.5,52.3,6,0.12042
782,No,Yes,Yes,38.3,33,72.4,52.3,16,0.8195
783,No,No,Yes,25.3,47.9,63.6,52.3,14,0.55643
784,No,Yes,Yes,31.7,42.9,59.3,52.3,25,0.10511
785,No,Yes,Yes,27.2,38,75,52.3,11,0.38896
786,No,Yes,No,40.9,37.2,71.5,52.2,18,0.71895
787,No,No,Yes,17.1,41,79.3,52.2,25,0.68396
788,No,No,Yes,21.9,21.9,86,52.2,24,0.30705
789,Yes,Yes,No,19,37.2,84.4,52.2,9,0.12785
790,No,No,No,19.8,30.9,85.9,52.2,30,0.8826
791,No,Yes,No,14.1,33.7,91.9,52.1,10,0.59903
792,No,No,Yes,35,34.6,73.5,52.1,14,0.97903
793,No,No,No,25.7,40.9,73.2,52.1,33,0.13651
794,No,No,No,25.1,30,85.4,52.1,40,0.99166
795,Yes,No,No,34.7,35.9,76.9,52.1,12,0.07957
796,No,Yes,Yes,35.4,45.8,66.1,52.1,12,0.91465
797,Yes,No,No,27.7,27.9,89,52.1,26,0.3223
798,No,Yes,Yes,35.4,53,58.8,52,7,0.68732
799,No,No,No,39.5,55.7,46.4,52,9,0.62365
800,No,No,No,30.5,54.7,52.4,52,22,0.76166
801,No,Yes,Yes,32.6,47.8,59.3,52,23,0.58398
802,No,No,No,30.4,36.1,78,52,33,0.12072
803,No,No,Yes,25.9,30.8,75.8,52,25,0.58448
804,No,No,Yes,49.5,48.8,53,51.9,21,0.76879
805,Yes,Yes,Yes,29.1,41,82.3,51.9,9,0.80421
806,Yes,Yes,Yes,33.4,45.2,79.9,51.9,9,0.88824
807,No,Yes,Yes,31.9,49.7,66.4,51.9,12,0.02536
808,No,No,Yes,29,36.9,70.1,51.9,14,0.4708
809,Yes,Yes,No,23.5,39.1,83.6,51.9,9,0.91646
810,No,No,No,26.2,34.1,79.7,51.9,29,0.91452
811,No,Yes,No,56.4,66.7,28,51.9,20,0.73406
812,Yes,No,No,32.7,22.3,90.1,51.9,14,0.26453
813,No,Yes,Yes,22.8,39.2,71.8,51.8,28,0.17757
814,No,Yes,Yes,45.3,50.7,52.1,51.8,23,0.80343
815,No,No,Yes,31.6,38.1,72.4,51.8,31,0.67909
816,Yes,No,No,42.7,33.9,77.5,51.8,12,0.38119
817,No,No,No,22.9,30,76.9,51.7,18,0.10479
818,No,Yes,Yes,22.9,32.1,86.3,51.7,17,0.81375
819,No,No,No,15,29.2,87,51.7,40,0.60568
820,No,Yes,Yes,30.8,50.1,58,51.7,33,0.08261
821,Yes,Yes,No,24.7,41.8,79.5,51.7,8,0.64867
822,No,Yes,Yes,11.5,28,99.8,51.6,1,0.00812
823,No,Yes,Yes,35.6,62.2,40.7,51.6,12,0.5029
824,Yes,No,Yes,23.5,33.2,88.7,51.6,19,0.40756
825,No,No,No,25,41.6,55.6,51.6,21,0.67201
826,No,No,No,32.9,26.9,78.7,51.6,18,0.51774
827,No,No,Yes,15.5,36.6,79.2,51.6,29,0.73004
828,No,No,No,30.9,32.2,77.3,51.6,47,0.24274
829,No,Yes,Yes,32.8,42,70.8,51.6,12,0.10044
830,No,Yes,Yes,29.3,38.9,63.4,51.5,16,0.93868
831,No,No,Yes,37,36,69.7,51.5,14,0.95509
832,No,No,Yes,28.4,45.7,62.4,51.4,26,0.73411
833,No,No,Yes,29.8,45.2,64.6,51.4,33,0.31552
834,Yes,No,No,31.7,28.7,88.3,51.4,24,0.44977
835,No,No,No,18.4,39.9,76.5,51.4,22,0.28144
836,No,No,Yes,17.5,43.2,74.9,51.4,6,0.29754
837,No,No,Yes,46.5,67.7,29,51.3,25,0.56062
838,No,No,Yes,16.6,48,62.1,51.3,14,0.67644
839,No,No,Yes,20.2,38.1,78.1,51.3,28,0.44812
840,No,No,Yes,24.2,35.8,70.6,51.2,38,0.7837
841,No,No,Yes,26.7,42.8,63.6,51.2,29,0.43584
842,No,Yes,Yes,29.5,48.9,51.2,51.2,33,0.7651
843,No,No,No,15.5,40.4,77.8,51.2,22,0.45299
844,No,No,Yes,11.5,32.2,86.3,51.2,35,0.72564
845,No,Yes,No,20,29.8,78.1,51.2,19,0.26578
846,No,No,Yes,25.4,30.3,77.6,51.2,25,0.13081
847,No,No,Yes,24.9,28,90.7,51.2,13,0.40503
848,No,No,No,25.3,37.3,69.9,51.2,28,0.82337
849,Yes,No,No,39.8,23.7,92.8,51.2,7,0.48632
850,No,No,Yes,17,33,84.7,51.1,13,0.35408
851,No,Yes,Yes,34.5,48.5,57.1,51.1,36,0.23193
852,No,No,Yes,18.3,23.5,91.7,51.1,25,0.59806
853,No,Yes,Yes,37.3,32.4,73.8,51.1,16,0.95143
854,Yes,No,Yes,21.1,32.5,90.3,51.1,12,0.65011
855,No,Yes,No,24.1,48.6,72,51.1,15,0.92689
856,No,No,Yes,17.5,27.6,96.8,51.1,7,0.1243
857,Yes,No,Yes,10.5,33.3,91.2,51.1,12,0.25644
858,No,No,No,23.1,27.8,86,51.1,35,0.17289
859,No,Yes,No,49.1,58,47.3,51.1,7,0.09717
860,No,No,No,27.3,29.9,77.8,51.1,18,0.12074
861,No,Yes,Yes,24.7,40.6,68.4,51.1,19,0.50057
862,Yes,Yes,No,39.5,42.5,63.2,51,13,0.26605
863,Yes,Yes,Yes,32.3,49.6,58.2,51,11,0.45455
864,No,No,No,47.8,56.5,40,51,9,0.60827
865,No,No,Yes,18.4,33.9,77.2,51,39,0.13291
866,No,No,No,23.5,46.7,73.9,51,10,0.4347
867,No,No,Yes,22.7,31.4,82.6,51,33,0.61433
868,No,Yes,Yes,12.4,39.5,69.8,51,28,0.26443
869,Yes,Yes,Yes,30.4,58.3,49.3,50.9,9,0.28484
870,Yes,No,No,36.7,30.1,78.8,50.9,7,0.94382
871,Yes,No,Yes,8.1,26.7,97.1,50.9,12,0.37465
872,Yes,Yes,Yes,26.2,51.9,55.1,50.9,9,0.05946
873,No,No,No,46.5,52.9,48.1,50.9,13,0.08148
874,No,Yes,No,32.5,37.4,78.9,50.9,10,0.58642
875,No,No,No,50.7,55.7,42.9,50.8,7,0.18443
876,No,No,No,42.4,51.4,52,50.8,13,0.05228
877,No,No,Yes,20.5,46.7,61.9,50.8,12,0.2194
878,Yes,Yes,Yes,50.3,41.7,48.9,50.7,15,0.03327
879,No,No,Yes,19.3,41,70.7,50.6,14,0.12774
880,No,No,Yes,27,38.5,70.8,50.6,23,0.58421
881,No,No,Yes,35.7,59.8,43.7,50.5,4,0.08638
882,No,Yes,Yes,36.8,46.7,56.3,50.5,23,0.47074
883,No,Yes,No,57,65.7,30.2,50.5,4,0.29405
884,Yes,No,No,24.5,34.5,83.6,50.5,16,0.32397
885,No,No,No,21.3,31,84.6,50.5,18,0.88178
886,No,No,Yes,30.3,47.1,57.3,50.5,14,0.45515
887,Yes,Yes,Yes,23.5,45.3,71,50.5,8,0.0929
888,No,No,No,26.8,41.4,64.6,50.5,5,0.36499
889,No,No,Yes,32.4,43.6,65.5,50.4,18,0.95483
890,Yes,No,Yes,28.4,51.9,61.3,50.4,10,0.86515
891,No,No,No,37.7,56.4,48.4,50.4,5,0.74529
892,No,Yes,Yes,23.7,38.8,71.6,50.4,32,0.43124
893,Yes,Yes,Yes,33,49.9,59.9,50.4,9,0.45562
894,No,Yes,No,19.4,39.1,69.3,50.4,21,0.65534
895,Yes,Yes,Yes,36,44.1,66.9,50.3,9,0.19266
896,Yes,No,Yes,28.1,33.6,78,50.3,19,0.96909
897,No,Yes,Yes,16,40.9,64.2,50.3,28,0.91811
898,No,Yes,Yes,31.4,31.3,76,50.3,16,0.35709
899,No,No,Yes,22.1,25.2,85.4,50.3,25,0.70115
900,Yes,No,No,8.8,29.1,95.3,50.3,22,0.59175
901,No,Yes,Yes,17.4,43.9,66.5,50.3,14,0.67644
902,No,No,Yes,30.1,50.6,58.9,50.2,4,0.18614
903,Yes,Yes,No,26.8,34.5,73.7,50.2,13,0.28223
904,Yes,No,No,38.8,29.9,82.9,50.2,24,0.70183
905,No,Yes,Yes,44.3,46.7,52.4,50.2,25,0.6172
906,No,No,No,29.7,46.1,73.1,50.2,10,0.40818
907,No,No,Yes,48.1,50.2,51.7,50.2,9,0.89203
908,No,Yes,Yes,42.8,39.8,62.7,50.2,23,0.84246
909,No,Yes,Yes,28.5,39.8,81.8,50.2,12,0.18414
910,No,No,No,42.5,23.2,84.5,50.2,17,0.43866
911,Yes,No,No,65.1,44.7,45,50.1,14,0.92996
912,No,Yes,No,64.6,50.8,44,50.1,10,0.85641
913,Yes,Yes,No,45.8,37,71.5,50.1,13,0.75215
914,No,No,No,27.3,39.7,74.5,50.1,22,0.50572
915,Yes,Yes,No,40.7,38.9,74.6,50.1,11,0.82298
916,Yes,Yes,No,46.5,35.1,73.1,50.1,13,0.45459
917,Yes,No,Yes,29.4,27.5,91.5,50.1,12,0.09387
918,No,No,No,32.5,31.5,82.4,50.1,12,0.40944
919,No,No,No,30.9,31.6,82,50.1,23,0.37155
920,Yes,Yes,Yes,35.6,35.3,83.7,50.1,9,0.53038
921,No,No,No,42.5,49.2,60.2,50,11,0.01415
922,No,No,No,40.8,47.8,59.6,50,30,0.17517
923,No,No,No,30.7,49,64,50,14,0.39343
924,Yes,Yes,Yes,46.7,59.9,50.9,50,9,0.33091
925,No,Yes,Yes,38.6,40.5,68.8,50,19,0.02535
926,Yes,No,Yes,26.3,26.4,96.2,50,19,0.13906
927,Yes,No,No,38.3,35.4,80.4,50,16,0.09504
928,No,No,No,38.1,55.6,57.3,49.9,14,0.6611
929,Yes,Yes,Yes,38.2,39,80.3,49.9,9,0.09781
930,No,No,No,29,28.6,83.7,49.9,40,0.55795
931,No,No,No,35.6,35.5,72.5,49.9,29,0.8016
932,Yes,No,Yes,25.9,29.1,99.9,49.9,1,0.7772
933,No,No,No,30.9,47.5,66.5,49.9,14,0.48702
934,Yes,No,No,28.3,25.7,97.3,49.9,22,0.43422
935,No,No,Yes,25.6,26.9,90.2,49.9,25,0.71323
936,No,Yes,Yes,34.6,35.8,79.1,49.9,8,0.6246
937,No,Yes,No,46.2,48,55.6,49.8,21,0.09276
938,No,Yes,Yes,48.7,40.9,60.4,49.8,8,0.0894
939,No,No,Yes,34.9,39,65.1,49.8,39,0.43697
940,No,Yes,Yes,38.7,29,79.8,49.8,17,0.71427
941,No,No,Yes,41.7,56.4,54.1,49.7,12,0.27159
942,No,No,No,32.6,35.7,75.4,49.7,33,0.11212
943,No,Yes,Yes,25,36,90.2,49.7,8,0.23837
944,Yes,No,Yes,30,41.6,76.6,49.7,10,0.02685
945,No,No,No,34.8,32.6,75.4,49.7,33,0.15634
946,No,No,Yes,32,32.7,78,49.7,28,0.0626
947,Yes,Yes,Yes,32.4,38.1,84.6,49.7,9,0.87947
948,No,Yes,Yes,46.2,34.7,70.2,49.6,8,0.78379
949,No,Yes,No,31.9,27.1,87.9,49.6,17,0.50119
950,No,No,No,30.7,46.4,65.8,49.6,14,0.74384
951,No,No,Yes,31.6,40.8,71.7,49.6,16,0.48007
952,Yes,No,Yes,34.1,29.3,83.3,49.6,19,0.44645
953,No,Yes,No,44.6,43.9,57.1,49.5,21,0.65471
954,Yes,No,Yes,32.6,32.2,85.2,49.5,23,0.22715
955,Yes,No,Yes,22.7,27.2,97.1,49.5,12,0.54284
956,No,Yes,No,34.9,38.2,71.3,49.5,21,0.11848
957,No,No,No,35.2,23.9,86.4,49.5,10,0.39518
958,No,Yes,No,39.2,37.3,69.5,49.4,15,0.95826
959,Yes,No,No,48.1,28,77.1,49.4,16,0.02813
960,No,No,Yes,39.8,42.4,58.7,49.4,37,0.14069
961,No,No,Yes,25,26.7,84.8,49.4,52,0.14153
962,Yes,Yes,Yes,49.4,52.4,47.1,49.4,9,0.05469
963,No,No,Yes,39.9,35.7,70.4,49.3,8,0.9458
964,Yes,Yes,No,49,40.9,65.7,49.3,11,0.16632
965,No,Yes,No,48.8,57.3,47.7,49.3,7,0.896
966,No,No,No,37.3,22.2,83.8,49.3,16,0.64385
967,No,No,Yes,32.4,52.4,62.4,49.2,12,0.19185
968,No,No,No,40.8,25.9,79.6,49.2,14,0.10581
969,No,Yes,No,47.1,58.3,47.8,49.2,7,0.59618
970,No,Yes,Yes,39,29.9,75,49.2,16,0.22588
971,No,No,Yes,30.9,27.5,81.5,49.2,29,0.89747
972,No,No,No,25.6,18.1,100,49.2,17,0.38056
973,Yes,Yes,Yes,39.4,36.1,76.6,49.1,9,0.26201
974,No,No,No,51.3,48,51.1,49.1,9,0.8363
975,No,No,No,31.3,33.2,76.2,49.1,30,0.02011
976,No,No,Yes,36.3,38.1,62.2,49.1,27,0.8521
977,No,No,Yes,30.8,27.4,87.7,49.1,8,0.81362
978,No,Yes,Yes,43.6,51.7,45,49,33,0.35556
979,No,No,No,42.1,40.4,62.8,49,28,0.35396
980,No,Yes,Yes,46.8,44.1,52.5,49,27,0.06222
981,Yes,No,No,44.2,33.6,73.2,49,16,0.01527
982,No,Yes,No,37.8,31.6,72.1,49,19,0.64544
983,Yes,No,No,37,42.2,74.7,49,12,0.56082
984,No,Yes,Yes,40.9,26.1,80.4,49,13,0.81767
985,No,No,No,38.7,37.5,64.8,49,30,0.57617
986,No,Yes,Yes,40.8,41.4,63.1,49,15,0.99228
987,No,No,No,52.5,47.6,50.4,49,9,0.22384
988,No,No,Yes,33.1,38.8,74.1,49,6,0.22836
989,No,Yes,No,34,34.4,73.5,49,19,0.03383
990,No,No,No,38.1,33.8,73,49,14,0.38941
991,Yes,No,No,56.4,35.6,59.8,48.9,14,0.90657
992,Yes,No,Yes,36.2,40.2,73,48.9,16,0.42805
993,Yes,Yes,Yes,33.8,35.9,83.6,48.9,9,0.45835
994,No,No,No,33.2,31.4,75.4,48.9,29,0.40976
995,No,Yes,No,30.5,22.9,91,48.9,17,0.50146
996,No,Yes,No,44.1,45.7,58.3,48.8,19,0.12655
997,No,No,Yes,31.9,34.3,71.5,48.8,33,0.924
998,No,No,Yes,37.3,43.7,55.9,48.8,26,0.31389
999,No,No,No,29.6,27.7,85.5,48.8,28,0.27881
1000,No,No,No,39.3,41.1,61.3,48.8,28,0.27561
