car_id,engine_size,cylinders,horsepower,mpg_highway,weight,wheelbase,length,car,suv,from_asia,from_europe,from_usa,sim
1,3.5,6,265,23,4451,106,189,No,Yes,Yes,No,No,0.946
2,2,4,200,31,2778,101,172,Yes,No,Yes,No,No,0.425
3,2.4,4,200,29,3230,105,183,Yes,No,Yes,No,No,0.233
4,3.2,6,270,28,3575,108,186,Yes,No,Yes,No,No,0.368
5,3.5,6,225,24,3880,115,197,Yes,No,Yes,No,No,0.051
6,3.5,6,225,24,3893,115,197,Yes,No,Yes,No,No,0.364
7,3.2,6,290,24,3153,100,174,Yes,No,Yes,No,No,0.291
8,1.8,4,170,31,3252,104,179,Yes,No,No,Yes,No,0.087
9,1.8,4,170,30,3638,105,180,Yes,No,No,Yes,No,0.222
10,3,6,220,28,6453,104,179,Yes,No,No,Yes,No,0.35
11,3,6,220,26,3583,104,179,Yes,No,No,Yes,No,0.256
12,3,6,220,25,3627,104,179,Yes,No,No,Yes,No,0.162
13,3,6,220,27,3561,109,192,Yes,No,No,Yes,No,0.924
14,3,6,220,25,3880,109,192,Yes,No,No,Yes,No,0.491
15,3,6,220,27,3814,105,180,Yes,No,No,Yes,No,0.098
16,3,6,220,25,4013,105,180,Yes,No,No,Yes,No,0.102
17,2.7,6,250,25,3836,109,192,Yes,No,No,Yes,No,0.603
18,4.2,8,300,24,4024,109,193,Yes,No,No,Yes,No,0.96
19,4.2,8,330,24,4399,121,204,Yes,No,No,Yes,No,0.585
20,4.2,8,340,20,3825,104,179,Yes,No,No,Yes,No,0.587
21,4.2,8,450,22,4024,109,191,Yes,No,No,Yes,No,0.343
22,1.8,4,180,28,3131,95,159,Yes,No,No,Yes,No,0.355
23,1.8,4,225,28,2921,96,159,Yes,No,No,Yes,No,0.256
24,3.2,6,250,29,3351,96,159,Yes,No,No,Yes,No,0.251
25,3,6,220,25,4035,109,192,Yes,No,No,Yes,No,0.28
26,4.2,8,340,21,3936,104,179,Yes,No,No,Yes,No,0.186
27,3,6,225,23,4023,110,180,No,Yes,No,Yes,No,0.67
28,4.4,8,325,22,4824,111,184,No,Yes,No,Yes,No,0.096
29,2.5,6,184,29,3219,107,176,Yes,No,No,Yes,No,0.992
30,2.5,6,184,29,3197,107,177,Yes,No,No,Yes,No,0.786
31,2.5,6,184,27,3560,107,177,Yes,No,No,Yes,No,0.927
32,2.5,6,184,27,3461,107,176,Yes,No,No,Yes,No,0.687
33,3,6,225,30,3285,107,176,Yes,No,No,Yes,No,0.632
34,3,6,225,30,3285,107,176,Yes,No,No,Yes,No,0.097
35,3,6,225,29,3483,107,176,Yes,No,No,Yes,No,0.446
36,2.5,6,184,28,3428,114,191,Yes,No,No,Yes,No,0.331
37,3,6,225,28,3616,107,177,Yes,No,No,Yes,No,0.565
38,3,6,225,30,3472,114,191,Yes,No,No,Yes,No,0.543
39,4.4,8,325,26,3814,114,191,Yes,No,No,Yes,No,0.308
40,4.4,8,325,26,4376,118,198,Yes,No,No,Yes,No,0.432
41,4.4,8,325,26,4464,123,204,Yes,No,No,Yes,No,0.419
42,3.2,6,333,24,3415,108,177,Yes,No,No,Yes,No,0.52
43,3.2,6,333,23,3781,108,177,Yes,No,No,Yes,No,0.48
44,2.5,6,184,28,2932,98,161,Yes,No,No,Yes,No,0.815
45,3,6,225,29,2998,98,161,Yes,No,No,Yes,No,0.142
46,2.5,6,184,26,3594,107,176,Yes,No,No,Yes,No,0.841
47,4.2,6,275,21,4600,113,193,No,Yes,No,No,Yes,0.623
48,3.4,6,185,26,4024,112,187,No,Yes,No,No,Yes,0.672
49,3.1,6,175,30,3353,109,195,Yes,No,No,No,Yes,0.618
50,3.8,6,205,29,3567,112,200,Yes,No,No,No,Yes,0.174
51,3.8,6,200,30,3461,109,196,Yes,No,No,No,Yes,0.322
52,3.8,6,240,28,3536,109,196,Yes,No,No,No,Yes,0.444
53,3.8,6,205,29,3591,112,200,Yes,No,No,No,Yes,0.486
54,3.8,6,205,29,3778,114,207,Yes,No,No,No,Yes,0.574
55,3.8,6,240,28,3909,114,207,Yes,No,No,No,Yes,0.496
56,5.3,8,295,18,5367,116,199,No,Yes,No,No,Yes,0.403
57,4.6,8,320,21,4302,116,195,No,Yes,No,No,Yes,0.745
58,3.6,6,255,25,3694,113,190,Yes,No,No,No,Yes,0.46
59,4.6,8,275,26,3984,115,207,Yes,No,No,No,Yes,0.285
60,4.6,8,300,26,4044,115,207,Yes,No,No,No,Yes,0.718
61,4.6,8,275,26,3992,112,201,Yes,No,No,No,Yes,0.336
62,4.6,8,320,25,3647,106,178,Yes,No,No,No,Yes,0.921
63,6,8,345,17,5879,130,221,No,Yes,No,No,Yes,0.949
64,5.3,8,295,18,4947,130,219,No,Yes,No,No,Yes,0.983
65,5.3,8,295,18,5050,116,197,No,Yes,No,No,Yes,0.776
66,4.2,6,275,21,4425,113,192,No,Yes,No,No,Yes,0.151
67,2.5,6,165,22,2866,98,163,No,Yes,No,No,Yes,0.854
68,1.6,4,103,34,2370,98,167,Yes,No,No,No,Yes,0.691
69,1.6,4,103,34,2348,98,153,Yes,No,No,No,Yes,0.077
70,2.2,4,140,37,2617,104,183,Yes,No,No,No,Yes,0.684
71,2.2,4,140,37,2676,104,183,Yes,No,No,No,Yes,0.914
72,2.2,4,140,37,2617,104,183,Yes,No,No,No,Yes,0.637
73,3.4,6,180,32,3465,111,200,Yes,No,No,No,Yes,0.699
74,2.2,4,145,34,3174,106,188,Yes,No,No,No,Yes,0.667
75,3.5,6,200,30,3297,106,188,Yes,No,No,No,Yes,0.578
76,3.4,6,180,32,3340,111,198,Yes,No,No,No,Yes,0.217
77,3.8,6,200,30,3476,111,200,Yes,No,No,No,Yes,0.06
78,3.8,6,240,28,3606,111,200,Yes,No,No,No,Yes,0.431
79,3.5,6,200,32,3315,106,188,Yes,No,No,No,Yes,0.847
80,3.8,6,200,28,3434,111,198,Yes,No,No,No,Yes,0.806
81,4.3,6,190,17,4605,111,190,Yes,No,No,No,Yes,0.304
82,3.4,6,185,26,3699,112,187,Yes,No,No,No,Yes,0.991
83,5.7,8,350,25,3246,105,180,Yes,No,No,No,Yes,0.065
84,5.7,8,350,25,3248,105,180,Yes,No,No,No,Yes,0.787
85,5.3,8,295,18,5678,130,222,No,Yes,No,No,Yes,0.363
86,2.8,4,175,23,3623,111,192,No,Yes,No,No,Yes,0.721
87,4.3,6,200,21,4142,119,206,No,Yes,No,No,Yes,0.397
88,6,8,300,17,4804,144,238,No,Yes,No,No,Yes,0.484
89,5.3,8,300,19,4760,116,191,No,Yes,No,No,Yes,0.216
90,3.5,6,200,30,3458,112,188,Yes,No,No,No,Yes,0.881
91,2.4,4,150,29,3101,103,169,Yes,No,No,No,Yes,0.347
92,2.4,4,150,29,3105,103,169,Yes,No,No,No,Yes,0.741
93,2.4,4,150,30,3173,108,191,Yes,No,No,No,Yes,0.664
94,2.7,6,200,28,3222,108,191,Yes,No,No,No,Yes,0.733
95,3.5,6,250,27,3581,113,198,Yes,No,No,No,Yes,0.374
96,2.7,6,200,29,3479,113,208,Yes,No,No,No,Yes,0.006
97,3.5,6,232,27,3548,113,208,Yes,No,No,No,Yes,0.672
98,2.4,4,220,27,3217,103,169,Yes,No,No,No,Yes,0.204
99,2.4,4,150,30,3357,106,194,Yes,No,No,No,Yes,0.551
100,3.5,6,255,27,3650,113,198,Yes,No,No,No,Yes,0.044
101,2.7,6,200,28,3448,106,194,Yes,No,No,No,Yes,0.342
102,3.3,6,180,26,4068,119,201,Yes,No,No,No,Yes,0.174
103,3.8,6,215,25,4331,119,201,Yes,No,No,No,Yes,0.198
104,3.2,6,215,25,3060,95,160,Yes,No,No,No,Yes,0.578
105,3.5,6,250,23,4675,116,199,Yes,No,No,No,Yes,0.244
106,4.7,8,230,21,4987,119,201,No,Yes,No,No,Yes,0.627
107,2,4,132,36,2581,105,174,Yes,No,No,No,Yes,0.624
108,2,4,132,36,2626,105,174,Yes,No,No,No,Yes,0.624
109,2.7,6,200,29,3469,113,204,Yes,No,No,No,Yes,0.731
110,2.4,4,150,28,3182,108,191,Yes,No,No,No,Yes,0.278
111,2.4,4,150,28,3175,108,191,Yes,No,No,No,Yes,0.737
112,3.5,6,125,27,3487,113,204,Yes,No,No,No,Yes,0.734
113,2.4,4,150,26,3862,113,189,Yes,No,No,No,Yes,0.931
114,3.8,6,215,25,4440,119,201,Yes,No,No,No,Yes,0.224
115,8.3,8,500,20,3410,99,176,Yes,No,No,No,Yes,0.13
116,3.7,6,210,22,3714,112,193,No,Yes,No,No,Yes,0.926
117,3.7,6,210,22,3829,131,219,No,Yes,No,No,Yes,0.157
118,3.7,6,215,21,4542,121,208,No,Yes,No,No,Yes,0.426
119,6.8,8,310,13,7190,137,227,No,Yes,No,No,Yes,0.896
120,4.6,8,232,19,5000,119,206,No,Yes,No,No,Yes,0.867
121,4,6,210,20,4463,114,190,No,Yes,No,No,Yes,0.004
122,3,6,201,23,3346,103,173,No,Yes,No,No,Yes,0.289
123,2,4,130,33,2612,103,168,Yes,No,No,No,Yes,0.847
124,2,4,110,36,2606,103,168,Yes,No,No,No,Yes,0.982
125,2,4,130,33,2606,103,168,Yes,No,No,No,Yes,0.042
126,2,4,130,33,2691,103,168,Yes,No,No,No,Yes,0.623
127,2,4,170,28,2750,103,168,Yes,No,No,No,Yes,0.173
128,3,6,155,27,3306,109,198,Yes,No,No,No,Yes,0.573
129,3,6,201,26,3313,109,198,Yes,No,No,No,Yes,0.576
130,4.6,8,224,25,4057,115,212,Yes,No,No,No,Yes,0.088
131,4.6,8,224,25,4057,115,212,Yes,No,No,No,Yes,0.32
132,4.6,8,239,25,4057,115,212,Yes,No,No,No,Yes,0.821
133,3.9,6,193,23,4275,121,201,Yes,No,No,No,Yes,0.709
134,3.8,6,193,29,3290,101,183,Yes,No,No,No,Yes,0.712
135,4.6,8,260,25,3347,101,183,Yes,No,No,No,Yes,0.227
136,3.9,8,280,24,3780,107,186,Yes,No,No,No,Yes,0.285
137,4.6,8,231,19,4788,126,211,No,Yes,No,No,Yes,0.024
138,5.4,8,300,18,5464,133,218,No,Yes,No,No,Yes,0.923
139,2.3,4,143,29,3028,111,188,No,Yes,No,No,Yes,0.124
140,2,4,130,33,2702,103,178,Yes,No,No,No,Yes,0.518
141,3,6,155,26,3497,109,198,Yes,No,No,No,Yes,0.107
142,4.2,6,275,19,4945,129,208,No,Yes,No,No,Yes,0.436
143,4.8,8,285,19,5042,116,199,No,Yes,No,No,Yes,0.874
144,6,8,325,17,6133,130,219,No,Yes,No,No,Yes,0.939
145,4.3,6,190,20,4309,111,190,Yes,No,No,No,Yes,0.363
146,2.8,4,175,25,3351,111,192,No,Yes,No,No,Yes,0.962
147,4.8,8,285,20,4548,144,230,No,Yes,No,No,Yes,0.97
148,6,8,300,18,5440,133,222,No,Yes,No,No,Yes,0.043
149,4.3,6,190,19,4083,123,208,No,Yes,No,No,Yes,0.53
150,1.4,4,93,51,2732,103,175,Yes,No,Yes,No,No,0.018
151,2,4,73,66,1850,95,155,Yes,No,Yes,No,No,0.744
152,3.5,6,240,22,4387,106,188,No,Yes,Yes,No,No,0.427
153,2.4,4,160,25,3258,103,179,No,Yes,Yes,No,No,0.698
154,2.4,4,160,24,3468,101,167,No,Yes,Yes,No,No,0.603
155,1.7,4,115,38,2432,103,175,Yes,No,Yes,No,No,0.719
156,1.7,4,117,44,2500,103,175,Yes,No,Yes,No,No,0.613
157,1.7,4,115,38,2513,103,175,Yes,No,Yes,No,No,0.339
158,2.4,4,160,34,2994,105,188,Yes,No,Yes,No,No,0.056
159,2.4,4,160,34,3047,105,188,Yes,No,Yes,No,No,0.774
160,1.7,4,127,37,2601,103,175,Yes,No,Yes,No,No,0.343
161,2,4,160,30,2782,101,166,Yes,No,Yes,No,No,0.066
162,3,6,240,30,3349,108,190,Yes,No,Yes,No,No,0.636
163,3,6,240,30,3294,105,188,Yes,No,Yes,No,No,0.369
164,3.5,6,240,25,4310,118,201,Yes,No,Yes,No,No,0.06
165,3.5,6,240,25,4365,118,201,Yes,No,Yes,No,No,0.22
166,2.2,4,240,25,2835,95,162,Yes,No,Yes,No,No,0.501
167,6,8,316,12,6400,123,190,No,Yes,No,No,Yes,0.335
168,2.7,6,173,26,3549,103,177,No,Yes,Yes,No,No,0.878
169,1.6,4,103,33,2255,96,167,Yes,No,Yes,No,No,0.987
170,1.6,4,103,33,2290,96,167,Yes,No,Yes,No,No,0.186
171,1.6,4,103,33,2339,96,167,Yes,No,Yes,No,No,0.916
172,2,4,138,34,2635,103,178,Yes,No,Yes,No,No,0.602
173,2,4,138,34,2635,103,178,Yes,No,Yes,No,No,0.669
174,2,4,138,34,2698,103,178,Yes,No,Yes,No,No,0.816
175,2.7,6,170,27,3217,106,187,Yes,No,Yes,No,No,0.747
176,2.7,6,170,27,3217,106,187,Yes,No,Yes,No,No,0.04
177,3.5,6,194,26,3651,108,192,Yes,No,Yes,No,No,0.31
178,3.5,6,194,26,3651,108,192,Yes,No,Yes,No,No,0.178
179,2.7,6,172,26,3023,100,173,Yes,No,Yes,No,No,0.994
180,3.5,6,260,26,3336,112,187,Yes,No,Yes,No,No,0.837
181,3.5,6,280,26,3416,112,182,Yes,No,Yes,No,No,0.414
182,3.5,6,260,26,3677,112,187,Yes,No,Yes,No,No,0.388
183,3.5,6,255,26,3306,108,194,Yes,No,Yes,No,No,0.114
184,4.5,8,340,23,3851,110,197,Yes,No,Yes,No,No,0.401
185,4.5,8,340,23,3977,113,200,Yes,No,Yes,No,No,0.059
186,3.5,6,280,22,4056,112,189,Yes,No,Yes,No,No,0.286
187,4.5,8,315,19,4309,112,189,Yes,No,Yes,No,No,0.667
188,4.2,6,275,20,4967,129,208,No,Yes,Yes,No,No,0.46
189,3.2,6,193,21,3836,106,178,No,Yes,Yes,No,No,0.145
190,2.5,6,192,26,3428,107,184,Yes,No,No,Yes,No,0.375
191,3,6,227,25,3516,107,184,Yes,No,No,Yes,No,0.403
192,3,6,235,26,3777,115,192,Yes,No,No,Yes,No,0.176
193,4.2,8,294,28,3874,115,192,Yes,No,No,Yes,No,0.951
194,4.2,8,390,24,4046,115,192,Yes,No,No,Yes,No,0.317
195,4.2,8,294,28,3803,119,200,Yes,No,No,Yes,No,0.497
196,4.2,8,294,28,3803,119,200,Yes,No,No,Yes,No,0.377
197,4.2,8,390,24,3948,119,200,Yes,No,No,Yes,No,0.79
198,4.2,8,294,26,3779,102,187,Yes,No,No,Yes,No,0.959
199,4.2,8,294,26,3980,102,187,Yes,No,No,Yes,No,0.937
200,4.2,8,390,23,3865,102,187,Yes,No,No,Yes,No,0.44
201,4.2,8,390,23,4042,102,187,Yes,No,No,Yes,No,0.906
202,4,6,195,21,3790,106,181,No,Yes,No,No,Yes,0.298
203,2.4,4,150,24,3826,104,174,No,Yes,No,No,Yes,0.496
204,4,6,190,19,3575,93,150,No,Yes,No,No,Yes,0.255
205,3.5,6,192,19,4112,107,180,No,Yes,Yes,No,No,0.813
206,2.4,4,138,30,3281,106,186,Yes,No,Yes,No,No,0.132
207,1.6,4,104,33,2403,95,167,Yes,No,Yes,No,No,0.749
208,1.6,4,104,32,2458,95,167,Yes,No,Yes,No,No,0.471
209,1.8,4,124,32,2661,101,178,Yes,No,Yes,No,No,0.493
210,1.8,4,124,32,2686,101,178,Yes,No,Yes,No,No,0.937
211,1.8,4,124,32,2697,101,178,Yes,No,Yes,No,No,0.377
212,2.7,6,170,27,3279,106,186,Yes,No,Yes,No,No,0.798
213,3.5,6,195,25,4021,110,196,Yes,No,Yes,No,No,0.548
214,3.5,6,195,22,4802,115,194,Yes,No,Yes,No,No,0.567
215,1.6,4,104,33,2447,95,167,Yes,No,Yes,No,No,0.526
216,4.4,8,282,16,5379,113,195,No,Yes,No,Yes,No,0.297
217,4.6,8,217,16,4576,100,185,No,Yes,No,Yes,No,0.259
218,2.5,6,174,21,3577,101,175,No,Yes,No,Yes,No,0.251
219,4.7,8,235,19,4740,110,188,No,Yes,Yes,No,No,0.918
220,4.7,8,235,17,5590,112,193,No,Yes,Yes,No,No,0.356
221,3.3,6,230,24,4065,107,186,No,Yes,Yes,No,No,0.109
222,3.3,6,225,29,3460,107,191,Yes,No,Yes,No,No,0.102
223,3,6,215,25,3255,105,177,Yes,No,Yes,No,No,0.415
224,3,6,215,24,3285,105,177,Yes,No,Yes,No,No,0.385
225,3,6,220,25,3649,110,189,Yes,No,Yes,No,No,0.84
226,4.3,8,300,23,3715,110,189,Yes,No,Yes,No,No,0.336
227,4.3,8,290,25,3990,115,197,Yes,No,Yes,No,No,0.242
228,4.3,8,300,23,3840,103,178,Yes,No,Yes,No,No,0.024
229,3,6,215,24,3410,105,177,Yes,No,Yes,No,No,0.394
230,5.4,8,300,18,5969,119,206,No,Yes,No,No,Yes,0.556
231,4.6,8,302,18,4834,114,193,No,Yes,No,No,Yes,0.402
232,3,6,232,26,3681,115,194,Yes,No,No,No,Yes,0.632
233,3,6,232,26,3681,115,194,Yes,No,No,No,Yes,0.352
234,3.9,8,280,24,3768,115,194,Yes,No,No,No,Yes,0.242
235,3.9,8,280,24,3768,115,194,Yes,No,No,No,Yes,0.084
236,4.6,8,239,25,4369,118,215,Yes,No,No,No,Yes,0.903
237,4.6,8,239,25,4369,118,215,Yes,No,No,No,Yes,0.126
238,4.6,8,239,25,4474,124,221,Yes,No,No,No,Yes,0.899
239,1.6,4,115,37,2524,97,143,Yes,No,No,Yes,No,0.182
240,1.6,4,163,34,2678,97,144,Yes,No,No,Yes,No,0.804
241,2,4,130,25,3091,103,173,No,Yes,Yes,No,No,0.098
242,2,4,148,34,2696,104,178,Yes,No,Yes,No,No,0.809
243,2.3,4,160,31,2762,104,179,Yes,No,Yes,No,No,0.963
244,2.3,4,160,32,3042,105,187,Yes,No,Yes,No,No,0.682
245,3,6,200,25,3812,112,188,Yes,No,Yes,No,No,0.25
246,1.8,4,142,28,2387,89,156,Yes,No,Yes,No,No,0.018
247,1.8,4,142,28,2387,89,156,Yes,No,Yes,No,No,0.036
248,1.3,8,197,25,3053,106,174,Yes,No,Yes,No,No,0.79
249,1.3,8,238,24,3029,106,174,Yes,No,Yes,No,No,0.269
250,2.3,4,143,29,2960,112,188,No,Yes,Yes,No,No,0.169
251,4,6,207,19,3571,126,203,No,Yes,Yes,No,No,0.354
252,5,8,292,14,5423,112,186,No,Yes,No,Yes,No,0.461
253,5,8,288,17,4874,111,183,No,Yes,No,Yes,No,0.433
254,1.8,4,189,30,3250,107,178,Yes,No,No,Yes,No,0.21
255,3.2,6,215,26,3430,107,178,Yes,No,No,Yes,No,0.685
256,2.6,6,168,25,3360,107,178,Yes,No,No,Yes,No,0.377
257,2.6,6,168,25,3360,107,178,Yes,No,No,Yes,No,0.455
258,3.2,6,215,26,3430,107,178,Yes,No,No,Yes,No,0.811
259,3.2,6,215,26,3450,107,178,Yes,No,No,Yes,No,0.673
260,3.2,6,215,27,3450,107,178,Yes,No,No,Yes,No,0.57
261,3.2,6,349,21,3540,107,178,Yes,No,No,Yes,No,0.202
262,5,8,302,24,4085,114,196,Yes,No,No,Yes,No,0.504
263,5.5,8,493,19,4473,114,196,Yes,No,No,Yes,No,0.748
264,3.2,6,215,26,3770,107,183,Yes,No,No,Yes,No,0.932
265,5,8,302,22,3585,107,183,Yes,No,No,Yes,No,0.709
266,3.2,6,221,27,3635,112,190,Yes,No,No,Yes,No,0.292
267,5,8,302,20,3815,112,190,Yes,No,No,Yes,No,0.331
268,4.3,8,275,26,4160,122,203,Yes,No,No,Yes,No,0.31
269,5,8,302,24,4390,122,203,Yes,No,No,Yes,No,0.266
270,5,8,302,23,4065,101,179,Yes,No,No,Yes,No,0.883
271,5.5,8,493,21,4235,101,179,Yes,No,No,Yes,No,0.052
272,5.5,8,493,19,4429,101,179,Yes,No,No,Yes,No,0.199
273,2.3,4,192,29,3055,95,158,Yes,No,No,Yes,No,0.787
274,3.2,6,349,22,3220,95,158,Yes,No,No,Yes,No,0.169
275,2.6,6,168,25,3470,107,179,Yes,No,No,Yes,No,0.042
276,3.2,6,221,27,3966,112,190,Yes,No,No,Yes,No,0.017
277,5,8,302,24,4230,112,190,Yes,No,No,Yes,No,0.237
278,4,6,210,21,4374,114,190,No,Yes,No,No,Yes,0.359
279,3,6,155,27,3308,109,200,Yes,No,No,No,Yes,0.578
280,4.6,8,224,25,4052,115,212,Yes,No,No,No,Yes,0.152
281,4.6,8,224,25,4052,115,212,Yes,No,No,No,Yes,0.597
282,3,6,201,26,3315,109,200,Yes,No,No,No,Yes,0.305
283,4.6,8,224,25,4052,115,212,Yes,No,No,No,Yes,0.35
284,4.6,8,302,23,4195,115,212,Yes,No,No,No,Yes,0.905
285,4.2,6,201,23,4340,121,202,Yes,No,No,No,Yes,0.937
286,3,6,155,26,3488,109,198,Yes,No,No,No,Yes,0.113
287,3.8,6,215,21,4134,109,190,No,Yes,Yes,No,No,0.571
288,3.8,6,215,19,4718,110,190,No,Yes,Yes,No,No,0.796
289,2.4,4,160,27,3240,103,179,No,Yes,Yes,No,No,0.396
290,2,4,120,31,2656,102,181,Yes,No,Yes,No,No,0.323
291,2,4,120,31,2795,102,181,Yes,No,Yes,No,No,0.085
292,2.4,4,160,30,3351,108,191,Yes,No,Yes,No,No,0.817
293,2,4,120,31,2744,102,181,Yes,No,Yes,No,No,0.924
294,3.5,6,205,25,3549,107,194,Yes,No,Yes,No,No,0.101
295,3.8,6,230,26,3649,108,191,Yes,No,Yes,No,No,0.669
296,3,6,210,28,3241,101,177,Yes,No,Yes,No,No,0.209
297,3,6,210,28,3296,101,177,Yes,No,Yes,No,No,0.001
298,2,4,271,26,3263,103,179,Yes,No,Yes,No,No,0.424
299,2.4,4,160,31,3020,102,181,Yes,No,Yes,No,No,0.362
300,5.6,8,305,19,5013,123,207,No,Yes,Yes,No,No,0.401
301,3.5,6,240,21,3871,106,183,No,Yes,Yes,No,No,0.363
302,3.3,6,180,20,3760,104,178,No,Yes,Yes,No,No,0.941
303,1.8,4,126,35,2513,100,178,Yes,No,Yes,No,No,0.138
304,1.8,4,126,35,2581,100,178,Yes,No,Yes,No,No,0.425
305,2.5,4,175,26,3039,110,192,Yes,No,Yes,No,No,0.141
306,2.5,4,165,28,2761,100,178,Yes,No,Yes,No,No,0.029
307,3.5,6,245,26,3197,110,192,Yes,No,Yes,No,No,0.194
308,3.5,6,265,28,3473,111,194,Yes,No,Yes,No,No,0.426
309,3.5,6,265,28,3476,111,194,Yes,No,Yes,No,No,0.986
310,3.5,6,240,26,4012,124,204,Yes,No,Yes,No,No,0.979
311,3.5,6,240,25,4175,124,204,Yes,No,Yes,No,No,0.049
312,3.5,6,287,26,3188,104,169,Yes,No,Yes,No,No,0.825
313,3.5,6,287,26,3428,104,169,Yes,No,Yes,No,No,0.418
314,3.3,6,180,20,3932,116,191,No,Yes,Yes,No,No,0.367
315,5.6,8,305,18,5287,140,224,No,Yes,Yes,No,No,0.941
316,3.5,6,245,25,3801,111,188,Yes,No,Yes,No,No,0.086
317,2.2,4,140,32,2946,107,187,Yes,No,No,No,Yes,0.064
318,3.4,6,170,29,3085,107,187,Yes,No,No,No,Yes,0.242
319,3.4,6,185,26,3948,120,201,Yes,No,No,No,Yes,0.032
320,3.4,6,185,26,3779,108,182,No,Yes,No,No,Yes,0.342
321,2.2,4,140,33,2771,104,182,Yes,No,No,No,Yes,0.035
322,3.4,6,175,29,3118,107,186,Yes,No,No,No,Yes,0.134
323,3.8,6,200,30,3477,111,198,Yes,No,No,No,Yes,0.712
324,2.2,4,140,33,2771,104,182,Yes,No,No,No,Yes,0.291
325,3.8,6,200,30,3484,111,198,Yes,No,No,No,Yes,0.206
326,4.6,8,275,20,3790,112,203,Yes,No,No,No,Yes,0.663
327,3.4,6,185,26,3803,112,187,Yes,No,No,No,Yes,0.758
328,3.4,6,185,24,4431,121,201,Yes,No,No,No,Yes,0.731
329,5.7,8,340,20,3725,110,190,Yes,No,No,No,Yes,0.289
330,1.8,4,130,36,2701,102,172,Yes,No,No,No,Yes,0.023
331,4.5,8,340,18,4950,112,188,No,Yes,No,Yes,No,0.176
332,3.6,6,315,26,3135,93,175,Yes,No,No,Yes,No,0.582
333,3.6,6,315,24,3240,93,175,Yes,No,No,Yes,No,0.824
334,3.6,6,315,26,3119,93,175,Yes,No,No,Yes,No,0.315
335,3.6,6,477,24,3131,93,175,Yes,No,No,Yes,No,0.152
336,2.7,6,228,29,2811,95,170,Yes,No,No,Yes,No,0.309
337,3.2,6,258,26,2911,95,170,Yes,No,No,Yes,No,0.853
338,2,4,210,28,3175,105,183,Yes,No,No,Yes,No,0.273
339,2,4,210,28,3175,105,183,Yes,No,No,Yes,No,0.624
340,2.3,4,220,29,3470,106,190,Yes,No,No,Yes,No,0.988
341,2.3,4,250,29,3470,106,190,Yes,No,No,Yes,No,0.627
342,2,4,210,29,3480,105,182,Yes,No,No,Yes,No,0.59
343,2,4,210,30,3700,105,182,Yes,No,No,Yes,No,0.76
344,2.3,4,250,29,3620,106,190,Yes,No,No,Yes,No,0.609
345,2.2,4,143,26,3381,107,181,No,Yes,No,No,Yes,0.855
346,2.2,4,140,35,2692,103,185,Yes,No,No,No,Yes,0.149
347,2.2,4,140,35,2692,103,185,Yes,No,No,No,Yes,0.93
348,2.2,4,140,35,2692,103,185,Yes,No,No,No,Yes,0.652
349,2.2,4,140,35,2751,103,185,Yes,No,No,No,Yes,0.245
350,2.2,4,140,35,2751,103,185,Yes,No,No,No,Yes,0.81
351,3,6,182,28,3197,107,190,Yes,No,No,No,Yes,0.738
352,2.2,4,140,34,3109,107,190,Yes,No,No,No,Yes,0.574
353,1.5,4,108,38,2340,93,154,Yes,No,Yes,No,No,0.197
354,1.5,4,108,35,2425,98,155,Yes,No,Yes,No,No,0.485
355,2.5,4,165,28,2965,99,174,Yes,No,Yes,No,No,0.825
356,2.5,4,165,28,3285,104,184,Yes,No,Yes,No,No,0.948
357,2.5,4,165,28,3395,104,184,Yes,No,Yes,No,No,0.01
358,2.5,4,165,27,3495,104,184,Yes,No,Yes,No,No,0.966
359,3,6,212,26,3610,104,184,Yes,No,Yes,No,No,0.142
360,3,6,212,26,3630,104,184,Yes,No,Yes,No,No,0.44
361,2,4,227,27,3085,99,174,Yes,No,Yes,No,No,0.751
362,2.5,4,300,24,3263,100,174,Yes,No,Yes,No,No,0.667
363,2.5,4,165,28,3485,104,193,No,Yes,Yes,No,No,0.344
364,2.5,4,165,28,3090,99,175,Yes,No,Yes,No,No,0.811
365,2.5,4,165,28,3430,104,187,Yes,No,Yes,No,No,0.366
366,2.7,6,185,22,3682,110,187,No,Yes,Yes,No,No,0.657
367,2.5,6,165,22,3020,98,163,No,Yes,Yes,No,No,0.971
368,2.3,4,155,31,2676,98,171,Yes,No,Yes,No,No,0.034
369,2.3,4,155,31,2676,98,171,Yes,No,Yes,No,No,0.775
370,2,4,119,31,2701,102,177,Yes,No,Yes,No,No,0.964
371,2,4,119,30,2756,102,177,Yes,No,Yes,No,No,0.692
372,2.5,6,155,27,3380,106,188,Yes,No,Yes,No,No,0.868
373,2.3,4,155,29,2932,98,167,Yes,No,Yes,No,No,0.442
374,1.5,4,110,51,2890,106,175,Yes,No,Yes,No,No,0.477
375,4.7,8,240,17,5270,118,204,No,Yes,Yes,No,No,0.484
376,4,6,245,21,4035,110,189,No,Yes,Yes,No,No,0.767
377,3.3,6,230,24,3935,107,185,No,Yes,Yes,No,No,0.458
378,4.7,8,325,17,5390,112,193,No,Yes,Yes,No,No,0.231
379,2.4,4,161,27,3119,98,167,No,Yes,Yes,No,No,0.983
380,1.8,4,130,40,2502,102,178,Yes,No,Yes,No,No,0.162
381,1.8,4,130,40,2524,102,178,Yes,No,Yes,No,No,0.598
382,1.8,4,130,40,2524,102,178,Yes,No,Yes,No,No,0.046
383,1.5,4,108,43,2035,93,163,Yes,No,Yes,No,No,0.415
384,1.5,4,108,39,2085,93,163,Yes,No,Yes,No,No,0.577
385,1.5,4,108,43,2055,93,163,Yes,No,Yes,No,No,0.202
386,2.4,4,157,33,3086,107,189,Yes,No,Yes,No,No,0.47
387,3,6,210,29,3296,107,189,Yes,No,Yes,No,No,0.653
388,2.4,4,157,33,3175,107,193,Yes,No,Yes,No,No,0.993
389,3.3,6,225,29,3417,107,193,Yes,No,Yes,No,No,0.433
390,3,6,210,29,3417,107,192,Yes,No,Yes,No,No,0.073
391,3,6,210,29,3362,107,189,Yes,No,Yes,No,No,0.373
392,3.3,6,225,29,3439,107,193,Yes,No,Yes,No,No,0.932
393,3,6,210,29,3439,107,192,Yes,No,Yes,No,No,0.782
394,3.3,6,230,27,4120,119,200,Yes,No,Yes,No,No,0.807
395,3.3,6,230,27,4165,119,200,Yes,No,Yes,No,No,0.191
396,1.8,4,180,33,2500,102,171,Yes,No,Yes,No,No,0.583
397,1.8,4,138,32,2195,97,153,Yes,No,Yes,No,No,0.728
398,2.4,4,142,27,2750,103,191,No,Yes,Yes,No,No,0.41
399,3.4,6,190,18,3925,128,218,No,Yes,Yes,No,No,0.136
400,3.4,6,190,17,4435,128,218,No,Yes,Yes,No,No,0.056
401,1.8,4,130,36,2679,102,171,Yes,No,Yes,No,No,0.229
402,3.2,6,220,20,5086,112,187,No,Yes,No,Yes,No,0.155
403,2,4,115,31,2897,99,165,Yes,No,No,Yes,No,0.853
404,1.8,4,180,31,2934,99,168,Yes,No,No,Yes,No,0.175
405,1.9,4,100,46,3003,99,172,Yes,No,No,Yes,No,0.545
406,1.8,4,150,31,2820,99,161,Yes,No,No,Yes,No,0.044
407,2.8,6,200,30,3179,99,172,Yes,No,No,Yes,No,0.698
408,2,4,115,30,3082,99,161,Yes,No,No,Yes,No,0.237
409,1.8,4,170,31,3241,106,185,Yes,No,No,Yes,No,0.04
410,2.8,6,190,26,3721,106,185,Yes,No,No,Yes,No,0.865
411,4,8,270,25,3953,106,185,Yes,No,No,Yes,No,0.69
412,4.2,8,335,22,5194,118,204,Yes,No,No,Yes,No,0.381
413,6,8,420,19,5399,118,204,Yes,No,No,Yes,No,0.66
414,2,4,115,30,3034,99,174,Yes,No,No,Yes,No,0.164
415,1.8,4,170,31,3338,106,184,Yes,No,No,Yes,No,0.635
416,4,8,270,25,4067,106,184,Yes,No,No,Yes,No,0.361
417,2.9,6,268,20,4638,113,189,No,Yes,No,Yes,No,0.633
418,1.9,4,170,29,2767,101,178,Yes,No,No,Yes,No,0.13
419,2.5,4,208,27,3903,107,180,Yes,No,No,Yes,No,0.805
420,2.3,4,247,28,3766,107,180,Yes,No,No,Yes,No,0.006
421,2.5,4,300,25,3571,107,181,Yes,No,No,Yes,No,0.019
422,2.9,6,208,28,3576,110,190,Yes,No,No,Yes,No,0.97
423,2.5,4,194,27,3691,110,190,Yes,No,No,Yes,No,0.667
424,2.4,4,197,28,3450,105,186,Yes,No,No,Yes,No,0.92
425,2.3,4,242,26,3450,105,186,Yes,No,No,Yes,No,0.606
426,2.9,6,268,26,3653,110,190,Yes,No,No,Yes,No,0.657
427,1.9,4,170,29,2822,101,180,Yes,No,No,Yes,No,0.119
428,2.5,4,208,27,3823,109,186,Yes,No,No,Yes,No,0.287
