House_ID,Sale_Price,Story,Total_SF ,Ext_Walls,Finish_SF_Attic,Finish_SF_Basement,Num_Stall_Garage,Has_Lake_Front,Sim
1,73235,1 Story,768,Other,0,0,1,No,0.49132
2,58737,1 Story,780,Other,351,0,2,No,0.81394
3,75884,1 Story,864,Other,0,0,1,No,0.97093
4,101651,1 Story,869,Other,0,0,2,No,0.62122
5,77519,1 Story,884,Other,0,0,1,No,0.22591
6,73338,1 Story,900,Other,0,0,1,No,0.81527
7,92028,1 Story,929,Other,0,0,1,No,0.20784
8,92688,1 Story,936,Other,0,0,1,No,0.19655
9,119778,1 Story,953,Brick,0,0,1,No,0.28024
10,115116,1 Story,965,Other,300,0,1,No,0.06571
11,122340,1 Story,979,Other,0,0,1,No,0.73561
12,101252,1 Story,1008,Other,0,0,1,No,0.4622
13,105358,1 Story,1019,Brick,0,147,1,No,0.55595
14,158401,1 Story,1038,Brick,467,0,2,No,0.09178
15,89971,1 Story,1055,Other,0,0,1,No,0.83686
16,84662,1 Story,1060,Brick,0,0,1,No,0.37773
17,128721,1 Story,1068,Other,0,0,2,No,0.31708
18,108025,1 Story,1075,Other,0,500,1,No,0.02253
19,107492,1 Story,1075,Other,0,672,1,No,0.75848
20,20355,1 Story,1080,Other,0,0,1,No,0.84568
21,107077,1 Story,1112,Brick,0,0,1,No,0.67324
22,131747,1 Story,1114,Other,0,332,1,No,0.32217
23,115002,1 Story,1164,Other,0,0,1,No,0.82005
24,62082,2 Story,1188,Brick,0,0,2,No,0.48489
25,54244,1 Story,1224,Brick,0,0,1,No,0.86799
26,137610,1 Story,1245,Brick,0,750,1,No,0.90943
27,61335,1 Story,1250,Brick,0,0,2,No,0.54992
28,116366,1 Story,1269,Brick,0,0,1,No,0.50906
29,124321,1 Story,1300,Brick,0,325,1,No,0.71557
30,128340,2 Story,1320,Brick,0,0,2.5,No,0.80268
31,143498,1 Story,1325,Brick,0,0,2,No,0.79491
32,91103,1 Story,1350,Brick,0,450,2,No,0.51087
33,133919,1 Story,1366,Brick,0,0,1,No,0.91023
34,141091,2 Story,1400,Brick,0,350,1,No,0.51308
35,91020,1 Story,1428,Brick,0,0,1,No,0.50146
36,126768,2 Story,1440,Brick,0,0,2,No,0.98988
37,111875,2 Story,1456,Brick,728,0,2,No,0.98846
38,78737,2 Story,1474,Brick,0,0,2,No,0.85632
39,123916,2 Story,1475,Brick,0,0,1,No,0.45031
40,145925,1 Story,1492,Brick,0,0,2,No,0.40475
41,136765,1 Story,1501,Brick,0,0,2,No,0.54305
42,178380,2 Story,1551,Brick,0,0,2,No,0.7383
43,86291,1 Story,1553,Brick,0,0,2,No,0.08977
44,133030,1 Story,1580,Brick,350,0,1,No,0.06943
45,143772,1 Story,1584,Brick,0,0,2,No,0.61028
46,118366,1 Story,1584,Brick,0,0,1,No,0.20958
47,109340,2 Story,1593,Brick,0,0,2,No,0.9037
48,117840,2 Story,1601,Brick,0,0,1,No,0.37192
49,149778,1 Story,1609,Brick,0,0,0,No,0.01538
50,63812,1 Story,1613,Brick,0,0,1,No,0.2336
51,121107,2 Story,1620,Brick,0,0,2,No,0.77979
52,143401,1 Story,1640,Brick,0,280,2,No,0.34111
53,156844,2 Story,1664,Brick,0,0,2,No,0.35614
54,173276,2 Story,1716,Brick,0,858,2,No,0.00378
55,152573,1 Story,1721,Brick,0,0,2,No,0.63982
56,136455,1 Story,1752,Brick,0,0,2,No,0.38168
57,102978,2 Story,1755,Brick,0,0,2,No,0.38526
58,136872,1 Story,1789,Brick,0,0,2,No,0.83639
59,202361,1 Story,1827,Brick,0,0,2,No,0.74421
60,120751,1 Story,1830,Brick,0,358,2,No,0.02893
61,164240,1 Story,1920,Brick,0,0,2,No,0.73501
62,231610,1 Story,1929,Brick,0,445,2,No,0.7246
63,214061,2 Story,1933,Brick,280,0,2,No,0.72644
64,174340,1 Story,1975,Brick,0,0,2,No,0.83499
65,93360,1 Story,1976,Brick,0,0,2,No,0.39798
66,169146,1 Story,1990,Brick,0,0,2,No,0.98142
67,145221,1 Story,1990,Brick,0,0,2,No,0.63142
68,109312,1 Story,2016,Brick,0,0,2.5,No,0.00147
69,153393,1 Story,2029,Brick,401,0,2,No,0.21015
70,120880,1 Story,2170,Brick,0,0,0,No,0.54173
71,265655,2 Story,2176,Brick,300,0,2,No,0.03673
72,231818,2 Story,2179,Brick,0,0,2.5,No,0.01312
73,199340,2 Story,2272,Brick,400,0,1,No,0.1547
74,106406,1 Story,2345,Brick,0,0,2,No,0.63187
75,294291,2 Story,2677,Brick,0,0,2,No,0.94674
76,192422,2 Story,2891,Brick,0,0,1,No,0.13616
77,196328,1 Story,3165,Brick,0,0,3,No,0.45996
78,217880,1 Story,3296,Brick,452,0,3,No,0.59524
79,250204,1 Story,4242,Brick,0,180,2,No,0.22274
80,157993,1 Story,1522,Brick,0,472,2,No,0.29003
81,158199,1 Story,1701,Brick,0,717,2,No,0.88551
82,255025,1 Story,1723,Brick,0,1391,3,Yes,0.16236
83,251449,1 Story,1751,Brick,0,1442,3,Yes,0.34337
84,235413,1 Story,1766,Brick,0,0,3,No,0.80508
85,224897,1 Story,1771,Brick,0,1148,3,Yes,0.45505
86,235987,1 Story,1773,Brick,0,1229,3,Yes,0.20703
87,191270,1 Story,1774,Brick,0,840,3,Yes,0.95466
88,321308,1 Story,1779,Brick,0,1329,3,Yes,0.79896
89,237990,1 Story,1787,Brick,0,1400,3,Yes,0.50516
90,225215,1 Story,1804,Brick,0,1533,3,Yes,0.81886
91,250352,1 Story,1815,Brick,0,1000,3,Yes,0.04764
92,206112,2 Story,1914,Brick,0,906,3,Yes,0.35101
93,194177,2 Story,1940,Brick,0,830,3,Yes,0.75192
94,152718,1 Story,1955,Brick,0,0,2,No,0.17068
95,226876,2 Story,2049,Brick,0,899,3,Yes,0.79768
96,187261,1 Story,2074,Brick,0,711,3,No,0.59071
97,284800,1 Story,2138,Brick,0,829,3,Yes,0.70269
98,215229,2 Story,2165,Brick,0,872,3,Yes,0.1132
99,217438,1 Story,2203,Brick,0,1069,3,Yes,0.86367
100,224884,1 Story,2211,Brick,0,800,3,No,0.41923
101,233754,2 Story,2218,Brick,0,871,3,Yes,0.38029
102,244229,1 Story,2224,Brick,0,884,3,Yes,0.77951
103,243990,2 Story,2237,Brick,0,800,3,No,0.91174
104,195682,2 Story,2239,Brick,0,800,3,Yes,0.69946
105,202884,2 Story,2240,Brick,0,1050,3,Yes,0.34685
106,202584,2 Story,2247,Brick,0,0,3,No,0.01456
107,283584,1 Story,2252,Brick,0,295,3,No,0.43902
108,186661,2 Story,2253,Brick,0,655,3,No,0.91234
109,235285,1 Story,2254,Brick,0,1200,3,Yes,0.78702
110,254013,2 Story,2257,Brick,0,908,3,Yes,0.3138
111,183455,1 Story,2263,Brick,0,0,2,No,0.87212
112,215842,2 Story,2268,Brick,0,800,3,Yes,0.57508
113,232229,2 Story,2278,Brick,0,798,3,No,0.76669
114,251090,2 Story,2281,Brick,0,813,3,Yes,0.35391
115,206261,2 Story,2286,Brick,0,879,3,Yes,0.49879
116,222682,2 Story,2301,Brick,0,827,3,Yes,0.04306
117,268687,2 Story,2303,Brick,0,652,3,No,0.57206
118,257618,2 Story,2318,Brick,0,867,3,Yes,0.05021
119,241997,2 Story,2342,Brick,0,800,3,Yes,0.11008
120,304636,2 Story,2347,Brick,0,945,3,Yes,0.75077
121,254562,2 Story,2347,Brick,0,965,3,Yes,0.66962
122,247990,2 Story,2351,Brick,0,800,3,Yes,0.00497
123,242385,2 Story,2353,Brick,0,901,3,Yes,0.80924
124,212787,2 Story,2379,Brick,0,857,3,Yes,0.52796
125,225740,2 Story,2381,Brick,0,844,3,Yes,0.49171
126,199302,1 Story,2382,Brick,0,1100,3,Yes,0.88405
127,320582,2 Story,2384,Brick,0,979,3,Yes,0.16082
128,254511,2 Story,2388,Brick,0,1002,3,Yes,0.11966
129,249127,2 Story,2396,Brick,0,880,3,Yes,0.98581
130,254016,2 Story,2401,Brick,0,971,3,Yes,0.63923
131,196745,2 Story,2401,Brick,0,911,3,Yes,0.40987
132,268784,2 Story,2402,Brick,0,895,3,Yes,0.78518
133,244316,2 Story,2403,Brick,0,963,3,Yes,0.17509
134,213083,2 Story,2408,Brick,0,950,3,Yes,0.95202
135,227625,2 Story,2437,Brick,0,688,3,No,0.86014
136,224261,2 Story,2447,Brick,0,456,3,No,0.19446
137,342300,2 Story,2462,Brick,0,1023,3,Yes,0.02752
138,222280,2 Story,2463,Brick,0,712,3,No,0.96598
139,300472,2 Story,2466,Brick,0,900,3,Yes,0.42694
140,226644,2 Story,2486,Brick,0,948,3,Yes,0.41503
141,253723,2 Story,2496,Brick,0,938,3,Yes,0.19714
142,317912,2 Story,2499,Brick,0,1077,3,Yes,0.39454
143,307329,2 Story,2517,Brick,0,1006,3,Yes,0.2093
144,292056,2 Story,2526,Brick,0,974,3,Yes,0.2855
145,277533,2 Story,2542,Brick,0,916,3,Yes,0.18089
146,322764,1 Story,2560,Brick,0,1358,3,Yes,0.49424
147,289663,2 Story,2565,Brick,0,1049,3,Yes,0.76666
148,252139,2 Story,2568,Brick,0,696,3,No,0.61276
149,212330,2 Story,2577,Brick,0,844,3,Yes,0.99054
150,296816,2 Story,2585,Brick,0,1050,3,Yes,0.0275
151,255503,1 Story,2593,Brick,0,929,3,Yes,0.96384
152,256866,1 Story,2595,Brick,0,1558,3,Yes,0.7899
153,62636,1 Story,2600,Brick,0,783,3,No,0.70926
154,222458,2 Story,2623,Brick,0,890,3,Yes,0.93288
155,252389,2 Story,2626,Brick,0,780,3,No,0.7438
156,277384,2 Story,2631,Brick,0,913,3,Yes,0.15878
157,284884,2 Story,2652,Brick,0,891,3,Yes,0.37944
158,257509,2 Story,2654,Brick,0,1066,3,Yes,0.93584
159,286514,2 Story,2657,Brick,0,1060,3,Yes,0.21421
160,303784,2 Story,2659,Other,0,896,3,Yes,0.11932
161,3719,2 Story,2660,Other,0,1020,3,Yes,0.90048
162,235129,2 Story,2665,Brick,0,1093,3,Yes,0.90505
163,284273,1 Story,2676,Other,0,905,3,Yes,0.91616
164,342300,1 Story,2683,Other,0,892,3,Yes,0.62785
165,277101,1 Story,2748,Other,0,993,3,Yes,0.09698
166,263990,2 Story,2761,Other,0,1000,3,Yes,0.09224
167,263228,2 Story,2807,Other,0,1031,3,Yes,0.33451
168,282547,1 Story,2953,Other,0,881,3,Yes,0.67061
169,351600,1 Story,3055,Other,0,927,3,Yes,0.65381
170,295784,1 Story,3139,Other,0,1011,3,Yes,0.41222
171,354200,1 Story,3158,Other,0,1050,3,Yes,0.12668
172,277947,2 Story,3230,Other,0,960,3,Yes,0.63752
173,115169,2 Story,868,Other,0,400,2,No,0.71345
174,108289,2 Story,908,Other,0,460,2,No,0.1488
175,117251,2 Story,1000,Other,0,900,2,No,0.82707
176,111603,2 Story,1028,Other,0,840,2,No,0.27296
177,128102,2 Story,1052,Other,0,804,2,No,0.60942
178,106289,2 Story,1052,Other,0,960,2,No,0.9306
179,111163,2 Story,1052,Other,0,552,2,No,0.19807
180,125390,1 Story,1068,Other,0,300,2,No,0.44476
181,123887,1 Story,1106,Other,0,885,2,No,0.59861
182,133036,1 Story,1106,Other,0,1050,2,No,0.22919
183,123519,2 Story,1144,Other,0,1008,2,No,0.19471
184,124715,2 Story,1144,Other,0,864,2,No,0.48386
185,119663,2 Story,1144,Other,0,1104,2,No,0.13082
186,136280,2 Story,1152,Other,0,1008,2,No,0.26671
187,129962,1 Story,1156,Other,0,0,2,No,0.38119
188,132101,1 Story,1156,Other,0,1050,2,No,0.65052
189,138279,1 Story,1160,Other,0,0,2,No,0.12532
190,127136,1 Story,1164,Other,0,0,2,No,0.85933
191,108039,1 Story,1164,Other,0,0,2,No,0.03288
192,135646,1 Story,1166,Other,0,0,2,No,0.07234
193,143380,1 Story,1174,Other,0,0,2,No,0.63123
194,135176,1 Story,1174,Other,0,881,2,No,0.27815
195,116136,1 Story,1188,Other,0,0,2,No,0.42477
196,132731,1 Story,1188,Other,0,0,2,No,0.07564
197,119163,1 Story,1280,Other,0,572,2,No,0.47164
198,145494,1 Story,1280,Other,0,0,2,No,0.74224
199,125538,1 Story,1280,Other,0,405,2,No,0.81204
200,138063,1 Story,1280,Other,0,1128,2,No,0.95164
201,140642,1 Story,1280,Other,0,0,2,No,0.20045
202,134347,1 Story,1280,Other,0,440,2,No,0.18808
203,133163,1 Story,1280,Other,0,925,2,No,0.38671
204,151559,1 Story,1292,Other,0,0,2,No,0.96537
205,134007,1 Story,1294,Other,0,507,2,No,0.22949
206,145019,1 Story,1296,Other,0,480,2,No,0.71853
207,152063,1 Story,1300,Other,0,0,2,No,0.76105
208,106309,1 Story,1306,Other,0,0,2,No,0.17154
209,122774,1 Story,1364,Other,0,1059,2,No,0.84825
210,149319,1 Story,1448,Other,0,900,2,No,0.12061
211,135163,2 Story,1462,Other,0,684,2,No,0.25511
212,124195,1 Story,1586,Other,0,350,2,No,0.69603
213,128163,1 Story,1688,Other,0,400,2,No,0.39049
214,119863,1 Story,1688,Other,0,0,2,No,0.80159
215,152163,1 Story,1705,Other,0,400,2,No,0.22397
216,127663,1 Story,1724,Other,0,0,2,No,0.71856
217,155214,2 Story,2184,Other,0,0,2,No,0.55389
218,102708,1 Story,1008,Other,0,455,2,No,0.30454
219,103177,2 Story,1026,Other,0,988,1,No,0.7777
220,128625,2 Story,1026,Other,0,988,2,No,0.21041
221,97014,2 Story,1026,Other,0,988,1,No,0.55496
222,105336,1 Story,1026,Other,0,188,2,No,0.74907
223,91018,2 Story,1028,Other,0,520,1,No,0.61056
224,103916,1 Story,1032,Other,0,1000,2,No,0.05871
225,105463,2 Story,1039,Other,0,988,2,No,0.13156
226,82708,1 Story,1040,Other,0,0,1,No,0.98018
227,92499,1 Story,1045,Other,0,860,1,No,0.08895
228,114438,2 Story,1053,Other,0,814,2,No,0.33657
229,99662,2 Story,1062,Other,0,594,1,No,0.38851
230,98514,2 Story,1080,Other,0,1040,1,No,0.93532
231,61599,2 Story,1106,Other,0,304,1,No,0.49569
232,112708,2 Story,1114,Other,0,1036,2,No,0.75786
233,82708,1 Story,1128,Other,0,0,1,No,0.94051
234,95642,1 Story,1134,Other,0,0,1,No,0.14251
235,115333,2 Story,1140,Other,0,1080,2,No,0.16254
236,102836,1 Story,1143,Other,0,850,2,No,0.97623
237,101208,1 Story,1188,Other,0,528,2,No,0.81153
238,112026,2 Story,1188,Other,0,1000,2,No,0.54558
239,114809,2 Story,1188,Other,0,1144,2,No,0.92862
240,114971,2 Story,1215,Brick,0,1170,2,No,0.43321
241,95391,2 Story,1235,Other,0,520,1,No,0.56095
242,113192,2 Story,1238,Other,0,0,1.5,No,0.84511
243,103655,1 Story,1242,Other,0,738,2,No,0.53133
244,111040,2 Story,1258,Other,0,1188,2,No,0.05383
245,117257,2 Story,1296,Other,0,648,2,No,0.07427
246,92909,2 Story,1298,Brick,0,638,1.5,No,0.27782
247,104569,2 Story,1419,Other,0,0,1.5,No,0.43884
248,126081,1 Story,1500,Other,0,0,2,No,0.95889
249,109533,1 Story,1772,Other,0,0,2,No,0.09092
250,145351,1 Story,1808,Brick,0,1808,2,No,0.98068
251,134878,1 Story,1868,Other,0,600,2,No,0.51731
252,112463,1 Story,1887,Brick,0,0,2,No,0.75995
253,121814,1 Story,1910,Other,0,720,2,No,0.74549
254,118378,1 Story,1999,Brick,0,0,2,No,0.55092
255,147319,1 Story,2128,Other,0,0,2,No,0.83561
256,337232,1 Story,2306,Brick,0,1000,3,Yes,0.37704
257,393786,1 Story,2671,Brick,0,1500,3,Yes,0.06385
258,231659,1 Story,2794,Brick,0,1134,3,Yes,0.49992
259,202266,1 Story,2828,Other,0,1400,3,Yes,0.99104
260,216680,1 Story,2833,Brick,0,800,3,No,0.42419
261,350638,2 Story,2892,Other,0,776,3,No,0.92314
262,260979,2 Story,2934,Brick,0,1396,3,Yes,0.63632
263,432379,1 Story,2960,Brick,0,1500,3,Yes,0.6769
264,255326,2 Story,2961,Other,0,1360,3,Yes,0.3062
265,264938,1 Story,2986,Other,0,1450,3,Yes,0.07388
266,207406,1 Story,2986,Brick,0,1000,3,Yes,0.65117
267,279387,1 Story,2998,Other,0,936,3,Yes,0.1476
268,372827,1 Story,3021,Brick,0,2921,3,Yes,0.38889
269,217040,1 Story,3044,Brick,0,0,3,No,0.71218
270,153266,1 Story,3066,Brick,0,650,2,No,0.31508
271,263387,1 Story,3072,Brick,0,1179,3,Yes,0.03211
272,640826,1 Story,3132,Brick,0,1796,3,Yes,0.75793
273,352765,2 Story,3135,Brick,0,1570,3,Yes,0.06924
274,355052,2 Story,3145,Brick,0,1642,3,Yes,0.07719
275,281661,2 Story,3202,Brick,0,360,3,No,0.7086
276,327310,2 Story,3264,Brick,0,1636,3,Yes,0.19272
277,373643,1 Story,3326,Brick,0,1150,3,Yes,0.55356
278,366601,1 Story,3344,Brick,0,1060,3,Yes,0.19757
279,350061,1 Story,3352,Brick,0,1912,3,Yes,0.79194
280,470537,1 Story,3358,Brick,0,1895,3,Yes,0.62931
281,300935,1 Story,3378,Brick,0,1015,3,Yes,0.82316
282,315105,1 Story,3442,Other,0,1720,3,Yes,0.65041
283,370766,1 Story,3486,Brick,0,2400,3,Yes,0.41111
284,240052,1 Story,3503,Other,0,0,3,No,0.01607
285,133110,2 Story,3514,Brick,0,1209,3,Yes,0.00271
286,198722,1 Story,3521,Brick,0,952,3,Yes,0.58375
287,450412,1 Story,3635,Brick,0,1602,3,Yes,0.3165
288,329446,2 Story,3693,Brick,0,927,3,Yes,0.24377
289,287128,1 Story,3698,Brick,0,950,3,Yes,0.30899
290,269401,1 Story,3904,Brick,0,1635,3,Yes,0.20683
291,327184,1 Story,4068,Brick,0,700,3,No,0.69144
292,301501,1 Story,4102,Brick,0,945,3,Yes,0.9958
293,675710,1 Story,4687,Brick,0,2400,3,Yes,0.86694
294,463145,1 Story,5172,Brick,0,1929,3,Yes,0.15209
295,675830,1 Story,5372,Brick,0,1800,3,Yes,0.64669
296,51066,1 Story,664,Other,0,0,0,No,0.87398
297,48945,1 Story,684,Other,0,0,1,No,0.51673
298,52710,1 Story,699,Other,0,0,1,No,0.75902
299,11629,1 Story,840,Other,0,0,1,No,0.17438
300,7965,1 Story,856,Other,0,0,1,No,0.09568
301,33362,1 Story,868,Other,0,0,0,No,0.23173
302,43082,1 Story,875,Other,0,0,1,No,0.47146
303,45059,1 Story,886,Other,0,0,0,No,0.56346
304,45060,1 Story,934,Other,0,0,2,No,0.71731
305,77581,1 Story,940,Other,0,940,2,No,0.73496
306,104649,1 Story,948,Brick,0,170,1,No,0.70634
307,49949,1 Story,958,Other,0,0,2,No,0.55816
308,40080,1 Story,980,Other,0,0,0,No,0.38877
309,50148,1 Story,980,Other,0,0,0,No,0.81749
310,59805,1 Story,986,Other,0,0,2,No,0.46265
311,98070,1 Story,988,Other,0,388,2,No,0.90172
312,33404,1 Story,999,Other,0,0,1,No,0.29732
313,66470,1 Story,1007,Other,0,0,0,No,0.43956
314,37028,1 Story,1012,Other,0,0,0,No,0.06949
315,47404,1 Story,1017,Other,0,0,2,No,0.71321
316,55278,1 Story,1049,Other,0,0,1,No,0.40157
317,18222,1 Story,1077,Other,0,0,0.5,No,0.79268
318,69624,1 Story,1092,Brick,0,800,1,No,0.05643
319,75266,1 Story,1100,Other,0,0,2,No,0.87429
320,78177,1 Story,1106,Other,0,0,2,No,0.45475
321,102125,1 Story,1158,Other,0,400,2.5,No,0.22086
322,98197,1 Story,1165,Other,0,240,2,No,0.8325
323,48146,1 Story,1180,Other,0,0,1,No,0.57814
324,26545,1 Story,1194,Other,0,0,0,No,0.02142
325,72499,1 Story,1206,Other,0,0,1,No,0.671
326,89279,1 Story,1220,Other,0,820,2,No,0.33855
327,100086,1 Story,1232,Brick,0,600,1,No,0.90007
328,100086,1 Story,1232,Brick,0,600,1,No,0.35345
329,103008,1 Story,1343,Other,0,0,1,No,0.43433
330,33070,1 Story,1428,Other,0,0,1,No,0.20477
331,63183,2 Story,1440,Other,0,0,1,No,0.04544
332,63111,1 Story,1469,Other,0,0,2,No,0.65244
333,82462,1 Story,1498,Brick,0,0,1,No,0.42208
334,63862,1 Story,1564,Other,0,0,2,No,0.04561
335,60084,2 Story,1664,Other,0,0,0,No,0.14603
336,109279,1 Story,1686,Other,0,0,2,No,0.9565
337,120593,1 Story,1779,Other,0,0,0,No,0.12049
338,91808,1 Story,2064,Other,0,255,0,No,0.35874
339,98251,1 Story,2178,Other,0,0,0,No,0.7356
340,62359,1 Story,2192,Other,0,0,0,No,0.8508
341,154748,2 Story,2327,Other,0,0,1,No,0.16358
342,100531,2 Story,908,Other,0,460,2,No,0.8625
343,93907,2 Story,936,Other,0,308,1.5,No,0.99606
344,106821,2 Story,944,Other,0,550,2,No,0.41345
345,102049,2 Story,944,Other,0,480,2,No,0.84784
346,122280,2 Story,960,Other,0,960,2,No,0.33374
347,98309,2 Story,976,Other,0,520,2,No,0.5183
348,92175,1 Story,1008,Other,0,0,1,No,0.43614
349,115654,2 Story,1034,Other,0,525,1.5,No,0.04021
350,114531,2 Story,1048,Other,0,960,2,No,0.56116
351,92383,2 Story,1057,Other,0,527,1.5,No,0.15485
352,124063,2 Story,1096,Other,0,960,2,No,0.91797
353,106675,2 Story,1148,Other,0,500,1.5,No,0.2956
354,121462,2 Story,1160,Other,0,620,2,No,0.94692
355,111233,1 Story,1160,Other,0,544,2,No,0.05084
356,114534,1 Story,1161,Brick,0,700,2,No,0.08607
357,116799,2 Story,1168,Other,0,420,1.5,No,0.75172
358,107389,2 Story,1188,Other,0,420,1.5,No,0.39311
359,111754,2 Story,1266,Other,0,1144,2,No,0.5821
360,135570,1 Story,1272,Other,0,1272,2,No,0.91654
361,100154,1 Story,1304,Other,0,480,2,No,0.24156
362,105781,2 Story,1306,Other,0,0,1.5,No,0.84532
363,119212,1 Story,1400,Brick,0,520,2,No,0.94262
364,112155,2 Story,1411,Brick,0,0,1.5,No,0.83573
365,115040,1 Story,1431,Brick,0,0,2,No,0.17128
366,118682,1 Story,1454,Brick,0,0,2,No,0.17577
367,96649,1 Story,1494,Brick,0,600,2,No,0.63868
368,127585,1 Story,1498,Brick,0,504,2,No,0.03253
369,150490,1 Story,1580,Brick,0,0,2,No,0.9393
370,120263,1 Story,1646,Brick,0,0,2,No,0.06
371,149802,1 Story,1653,Brick,0,860,2,No,0.54506
372,141490,1 Story,1740,Brick,0,0,2,No,0.94323
373,96173,1 Story,1741,Brick,0,520,1,No,0.02221
374,145137,1 Story,1836,Brick,0,350,3,No,0.96163
375,139190,1 Story,1839,Brick,0,0,3,No,0.3532
376,148911,1 Story,1859,Brick,0,0,2,No,0.03962
377,148343,1 Story,1870,Brick,0,0,2,No,0.50086
378,146100,1 Story,1916,Brick,0,1000,3,Yes,0.64197
379,134420,2 Story,2052,Brick,0,0,2,No,0.45735
380,138634,2 Story,2270,Brick,0,0,2,No,0.52255
381,157212,1 Story,2516,Brick,0,390,2,No,0.07938
382,119638,2 Story,1340,Brick,0,1270,2,No,0.09849
383,166255,1 Story,1435,Brick,0,1075,2,No,0.2727
384,167272,1 Story,1522,Brick,0,818,2,No,0.91842
385,140255,1 Story,1524,Brick,0,0,2,No,0.07427
386,122001,1 Story,1701,Brick,0,459,2,No,0.03773
387,118378,2 Story,1704,Brick,0,353,2,No,0.52639
388,129133,1 Story,1734,Brick,0,494,2,No,0.1927
389,149212,1 Story,1736,Brick,0,1258,2,No,0.97045
390,103558,1 Story,1760,Brick,0,682,2,No,0.87626
391,131242,2 Story,1767,Brick,0,0,2,No,0.78207
392,145711,1 Story,1802,Brick,0,630,2,No,0.19177
393,143873,1 Story,1891,Brick,0,375,2,No,0.00192
394,144903,1 Story,1916,Brick,0,500,2,No,0.57691
395,130088,1 Story,1917,Brick,0,763,2,No,0.16983
396,135263,1 Story,1960,Brick,0,0,2,No,0.50662
397,158463,2 Story,1984,Brick,0,0,2,No,0.51156
398,133847,2 Story,2033,Brick,0,0,2,No,0.7294
399,176905,1 Story,2057,Brick,0,849,2,No,0.78217
400,165010,2 Story,2095,Brick,0,600,2,No,0.1214
401,139951,1 Story,2115,Brick,0,0,2,Yes,0.16373
402,150184,1 Story,2118,Brick,0,0,2,No,0.08529
403,217597,1 Story,2121,Brick,0,1691,3,Yes,0.32631
404,139717,2 Story,2162,Brick,0,650,3,No,0.91096
405,131191,1 Story,2163,Brick,0,456,2,No,0.15365
406,148590,1 Story,2164,Brick,0,0,2,No,0.76845
407,163350,1 Story,2182,Brick,0,939,2,No,0.70145
408,167004,1 Story,2184,Brick,0,670,2,No,0.12084
409,162593,1 Story,2195,Brick,0,0,2,No,0.23616
410,150000,1 Story,2210,Brick,0,425,2,No,0.87029
411,156013,1 Story,2213,Brick,0,800,2,No,0.99734
412,181517,1 Story,2215,Brick,0,700,3,No,0.98051
413,141573,1 Story,2217,Brick,0,600,2,No,0.61425
414,147803,1 Story,2232,Brick,0,670,2,No,0.10938
415,189699,1 Story,2260,Brick,0,450,3,Yes,0.62836
416,149043,2 Story,2286,Brick,0,0,2,No,0.7332
417,189872,1 Story,2295,Brick,0,1080,2,No,0.1542
418,180230,1 Story,2392,Brick,0,1028,3,Yes,0.47908
419,205359,1 Story,2401,Brick,0,700,2,Yes,0.35382
420,188928,1 Story,2402,Brick,0,875,2,Yes,0.18997
421,185200,1 Story,2564,Brick,0,0,2,Yes,0.41758
422,133039,2 Story,2566,Brick,0,730,2,No,0.37271
423,190112,2 Story,2586,Brick,0,484,2,No,0.44864
424,197631,1 Story,2608,Brick,0,594,2,Yes,0.98945
425,156456,2 Story,2609,Brick,0,0,3,No,0.63541
426,252433,1 Story,2615,Brick,0,0,3,Yes,0.83129
427,201335,1 Story,2652,Brick,0,1290,3,Yes,0.78652
428,194397,1 Story,2786,Brick,0,1000,2,Yes,0.15387
429,217754,2 Story,2982,Brick,0,796,2,Yes,0.9149
430,65035,1 Story,616,Brick,277,0,2,No,0.17664
431,44267,1 Story,656,Brick,0,0,2,No,0.97931
432,38532,1 Story,672,Brick,0,0,0,No,0.79003
433,46481,1 Story,731,Brick,322,0,0,No,0.26997
434,41827,1 Story,754,Brick,0,0,0,No,0.99152
435,67037,1 Story,768,Brick,0,0,2,No,0.05361
436,51766,1 Story,792,Brick,0,0,0,No,0.64352
437,76697,1 Story,831,Brick,0,0,1,No,0.13306
438,16315,1 Story,844,Brick,379,0,2,No,0.04403
439,63662,1 Story,850,Brick,0,0,2,No,0.62172
440,50412,2 Story,853,Brick,0,805,0,No,0.92702
441,70659,1 Story,864,Brick,0,864,1,No,0.12773
442,84175,1 Story,864,Brick,0,0,2,No,0.46458
443,87266,1 Story,864,Brick,0,300,1,No,0.07091
444,71957,1 Story,877,Brick,0,0,1,No,0.49788
445,56114,1 Story,931,Brick,289,0,0,No,0.62143
446,45290,1 Story,935,Brick,0,0,2,No,0.60419
447,70274,1 Story,936,Brick,0,295,1,No,0.3758
448,82919,1 Story,944,Brick,0,530,1,No,0.59837
449,47014,1 Story,952,Brick,336,0,1,No,0.63039
450,24988,1 Story,960,Brick,0,0,2,No,0.2843
451,86832,1 Story,976,Brick,0,0,1,No,0.31001
452,69935,1 Story,1002,Brick,0,0,1,No,0.92933
453,92119,1 Story,1016,Brick,0,750,2,No,0.2105
454,24197,1 Story,1024,Brick,0,0,0,No,0.1481
455,79355,1 Story,1044,Brick,0,0,0,No,0.37742
456,96727,1 Story,1052,Brick,445,488,2,No,0.03257
457,100691,1 Story,1056,Brick,0,576,1.5,No,0.30314
458,48682,1 Story,1063,Brick,0,0,2,No,0.44215
459,75784,1 Story,1064,Other,0,0,1,No,0.62085
460,101773,2 Story,1068,Other,0,493,1.5,No,0.85382
461,91247,1 Story,1080,Other,0,0,2,No,0.89898
462,59727,1 Story,1120,Other,0,560,2,No,0.33695
463,77267,1 Story,1128,Other,0,0,2,No,0.40546
464,77018,1 Story,1130,Other,0,0,1,No,0.83207
465,21899,1 Story,1136,Other,0,0,0,No,0.0798
466,57142,1 Story,1152,Other,0,0,2,No,0.9134
467,104972,1 Story,1175,Brick,0,0,1,No,0.93016
468,58493,1 Story,1177,Brick,0,0,1,No,0.87132
469,63283,1 Story,1180,Other,0,0,1,No,0.36025
470,85336,1 Story,1200,Other,0,0,2,No,0.94601
471,41271,1 Story,1230,Brick,0,0,1,No,0.82049
472,79137,1 Story,1255,Other,378,143,2,No,0.26332
473,68723,1 Story,1266,Other,0,460,1,No,0.97861
474,70889,1 Story,1306,Other,0,490,2,No,0.71199
475,70139,1 Story,1331,Other,0,0,2,No,0.3736
476,98152,1 Story,1332,Other,0,0,2,No,0.26143
477,79926,2 Story,1344,Other,0,0,1,No,0.76554
478,96488,1 Story,1348,Other,0,0,2,No,0.34874
479,110899,1 Story,1385,Other,0,0,2,No,0.79228
480,108751,2 Story,1399,Other,0,0,0.5,No,0.25306
481,18493,1 Story,1401,Other,0,0,1,No,0.22958
482,71723,1 Story,1404,Other,0,0,1,No,0.57933
483,96626,1 Story,1431,Brick,0,0,0,No,0.58282
484,85479,1 Story,1480,Other,0,0,2,No,0.90883
485,62945,1 Story,1496,Other,0,0,1,No,0.22406
486,57732,1 Story,1501,Other,0,0,2,No,0.53869
487,112576,1 Story,1521,Brick,0,0,2,No,0.64028
488,23685,1 Story,1541,Other,0,0,0,No,0.8067
489,72869,2 Story,1560,Other,0,0,2,No,0.0887
490,42829,1 Story,1620,Other,0,0,1,No,0.74282
491,93190,1 Story,1636,Other,0,0,1,No,0.36791
492,108008,2 Story,1680,Other,378,0,2,No,0.08181
493,71376,1 Story,1689,Other,0,0,2,No,0.84485
494,98621,1 Story,1723,Other,440,0,2,No,0.79057
495,64291,1 Story,1788,Other,0,960,2.5,No,0.83489
496,71325,1 Story,1830,Other,0,0,2,No,0.06453
497,93428,1 Story,1877,Brick,0,0,2,No,0.2951
498,25050,1 Story,1881,Other,0,0,0,No,0.89351
499,86511,1 Story,1882,Other,0,0,2,No,0.18001
500,12238,1 Story,765,Other,0,0,0,No,0.68571
501,129703,1 Story,720,Other,0,720,0.5,No,0.7797
502,5430,1 Story,738,Other,0,0,2,No,0.44454
503,34211,1 Story,768,Other,0,0,1,No,0.10481
504,58251,2 Story,775,Other,0,775,2,No,0.84085
505,43013,1 Story,780,Other,0,240,2.5,No,0.95853
506,31906,1 Story,803,Other,0,0,0,No,0.26179
507,16903,1 Story,813,Brick,0,0,0,No,0.57694
508,2716,1 Story,868,Other,0,0,1,No,0.13544
509,3542,1 Story,900,Other,0,0,0,No,0.61823
510,74455,1 Story,915,Other,412,0,1,No,0.53044
511,64326,1 Story,916,Other,0,0,2,No,0.29159
512,103705,1 Story,918,Other,0,688,2,No,0.57031
513,65152,2 Story,924,Other,0,615,1.5,No,0.39862
514,52747,1 Story,936,Other,0,110,0,No,0.76886
515,48558,1 Story,940,Other,0,0,0,No,0.68691
516,81592,1 Story,960,Other,0,480,1,No,0.38948
517,41359,1 Story,966,Other,0,0,0,No,0.1097
518,88984,1 Story,980,Other,0,0,2.5,No,0.83683
519,110643,1 Story,1050,Other,0,0,2,No,0.78416
520,132410,2 Story,1051,Other,0,897,2,No,0.9962
521,59623,1 Story,1056,Other,0,0,2,No,0.70748
522,64537,1 Story,1078,Other,324,0,0,No,0.75524
523,57799,1 Story,1082,Other,0,0,0,No,0.3809
524,22861,1 Story,1087,Brick,0,0,2,No,0.30435
525,80879,1 Story,1100,Other,0,0,2,No,0.20508
526,72509,1 Story,1121,Other,0,0,2,No,0.23674
527,93143,2 Story,1132,Other,0,529,1.5,No,0.98104
528,104872,1 Story,1148,Brick,0,900,1,No,0.93658
529,64101,1 Story,1165,Other,0,0,2,No,0.6516
530,124016,2 Story,1228,Other,0,98,2,No,0.02945
531,121967,1 Story,1238,Other,0,1238,2,No,0.72277
532,87378,1 Story,1262,Other,0,0,2,No,0.01235
533,126239,2 Story,1308,Other,0,0,2,No,0.62733
534,65267,1 Story,1328,Other,0,0,1,No,0.74421
535,59393,1 Story,1338,Other,0,0,0,No,0.52992
536,15333,1 Story,1406,Other,0,0,2,No,0.66642
537,86566,1 Story,1417,Other,0,0,2,No,0.27361
538,25090,1 Story,1436,Other,0,0,0,No,0.4744
539,63196,1 Story,1460,Other,0,0,1,No,0.96742
540,80813,1 Story,1470,Other,0,0,0,No,0.72711
541,89643,1 Story,1527,Other,0,0,2,No,0.5601
542,83433,2 Story,1566,Other,0,0,2,No,0.43258
543,78027,1 Story,1576,Other,0,0,1,No,0.29051
544,91168,1 Story,1590,Other,0,0,2,No,0.37534
545,129503,1 Story,1599,Other,0,0,2.5,No,0.34962
546,88386,1 Story,1603,Other,0,540,1,No,0.88436
547,23893,1 Story,1608,Other,0,0,1,No,0.91649
548,87070,2 Story,1664,Other,0,0,0,No,0.88089
549,68609,2 Story,1664,Other,0,0,1,No,0.01736
550,64219,1 Story,1674,Other,0,0,0,No,0.21121
551,26843,1 Story,1678,Other,0,0,0,No,0.62141
552,102679,1 Story,1736,Other,0,0,2,No,0.31825
553,77653,1 Story,1773,Other,0,0,0,No,0.65854
554,111674,2 Story,1920,Other,0,0,2,No,0.52033
555,76017,1 Story,1973,Other,0,0,1,No,0.59773
556,111422,1 Story,2255,Other,0,0,0,No,0.00677
557,42082,1 Story,806,Other,0,0,1,No,0.3451
558,43772,1 Story,866,Other,0,0,1,No,0.53249
559,68239,1 Story,924,Other,0,0,2,No,0.90843
560,68663,1 Story,936,Other,0,0,2,No,0.46656
561,29953,1 Story,972,Other,0,0,0,No,0.97762
562,44828,1 Story,994,Other,0,0,1,No,0.51389
563,73965,1 Story,1034,Other,0,0,2,No,0.27778
564,68985,1 Story,1108,Other,0,0,1,No,0.76779
565,57110,1 Story,1131,Other,0,0,1,No,0.81146
566,44382,1 Story,1168,Other,0,0,0,No,0.97661
567,76587,1 Story,1200,Other,0,370,0,No,0.1139
568,56973,1 Story,1232,Other,0,0,0,No,0.43246
569,56772,1 Story,1243,Other,0,0,1,No,0.47224
570,68251,1 Story,1273,Other,0,0,1,No,0.26547
571,91582,1 Story,1316,Other,0,0,0,No,0.38355
572,97258,1 Story,1366,Other,0,0,2,No,0.21709
573,74290,1 Story,1372,Other,0,0,0,No,0.80363
574,20392,1 Story,1384,Other,0,0,0,No,0.32407
575,73407,2 Story,1440,Other,0,0,2,No,0.58986
576,77790,1 Story,1500,Other,0,0,2,No,0.65322
577,81059,1 Story,1588,Other,0,0,2,No,0.28192
578,70335,1 Story,1608,Other,0,0,0,No,0.48645
579,61838,1 Story,1620,Other,295,0,0,No,0.84989
580,93827,2 Story,1664,Other,0,0,1,No,0.9642
581,83400,1 Story,1706,Other,0,0,0,No,0.70113
582,58596,1 Story,1717,Other,0,0,1,No,0.58363
583,91783,2 Story,1725,Other,0,0,1,No,0.60332
584,71381,2 Story,1740,Other,0,0,2,No,0.14712
585,38835,1 Story,1769,Other,0,0,1,No,0.0997
586,105813,2 Story,1868,Other,0,0,2,No,0.83307
587,97967,2 Story,1904,Other,0,0,0,No,0.76021
588,78990,1 Story,1918,Other,0,0,2,No,0.44327
589,94615,1 Story,2018,Other,0,0,0,No,0.88377
590,110853,2 Story,2456,Other,0,0,2,No,0.82211
591,71279,2 Story,2599,Other,0,0,0,No,0.85462
592,156171,2 Story,2700,Brick,0,0,2,No,0.5245
593,148522,1 Story,2982,Brick,0,0,1,No,0.06459
594,149959,1 Story,3360,Other,777,1132,0,No,0.68867
595,308641,2 Story,2706,Other,0,1083,3,Yes,0.25585
