Student_ID,Honor_Roll,Age,Travel_Time,Study_Time,Failures,School_Support,Family_Support,Absences,Final_Grade,Sim
1,Yes,17,19.5,176.8,0,No,No,1,81.77,-5.9868
2,No,16,23.4,250.5,1,No,Yes,1,83.21,3.18133
3,Yes,17,18.4,215.4,0,No,No,0,83.41,2.41092
4,No,16,19.5,175.7,0,Yes,Yes,0,81.53,-0.4631
5,No,17,20.7,217.4,0,No,Yes,0,86.98,1.15218
6,No,17,28.4,214.9,0,No,No,2,78.68,-3.20173
7,Yes,17,20.5,229.9,0,No,No,3,85.61,-4.25534
8,No,18,22.6,260.8,1,Yes,Yes,2,88.03,-2.36521
9,No,17,19,206.3,0,Yes,No,1,78.68,4.82514
10,No,17,22.5,197.7,0,Yes,Yes,1,82.37,4.27113
11,Yes,16,25.3,211.6,0,No,Yes,1,89.57,0.57529
12,No,17,21.2,189.4,0,No,Yes,0,81.72,-7.40547
13,No,18,18.6,223.9,0,No,Yes,0,83.15,3.46918
14,Yes,17,22.9,220.6,0,No,Yes,0,84.21,-0.44847
15,Yes,17,24.8,277.8,0,No,Yes,0,91.38,-0.83072
16,No,16,15.6,234.9,1,No,Yes,1,87.09,2.87047
17,No,16,22.4,118.7,0,Yes,Yes,1,75.33,-4.33888
18,No,17,21.2,133.2,0,No,No,0,76.06,1.14882
19,No,16,26.3,237,0,No,No,2,79.64,-5.73732
20,Yes,16,18.6,300.1,0,Yes,Yes,0,96.81,-6.56215
21,No,17,15.6,139.8,1,No,Yes,0,82.14,-0.02232
22,No,16,21.1,266.9,0,Yes,No,1,94.94,-5.31183
23,Yes,17,20,248.3,0,No,No,0,84.83,1.28682
24,No,16,26.6,168.1,0,Yes,No,2,77.17,-1.34313
25,No,16,20.2,50.4,0,No,No,1,71.83,-5.94746
26,Yes,17,22.9,282.3,0,No,Yes,0,85.81,-0.93062
27,Yes,17,25.1,276.2,0,No,Yes,1,89.88,2.64663
28,No,17,21.1,204.3,0,Yes,No,1,84.74,0.07615
29,Yes,17,23.7,282.7,0,No,Yes,0,85.43,-0.82128
30,No,15,21.2,114.5,0,No,No,1,75.13,-4.82901
31,No,18,16.4,253.7,0,Yes,Yes,1,95.18,-5.20115
32,No,16,21.8,159.6,0,Yes,Yes,0,81.18,-2.8061
33,No,18,18.5,186.1,0,No,Yes,1,80.92,-7.31834
34,No,16,25.9,232.1,0,Yes,Yes,1,91.28,-0.72736
35,No,15,20.1,233.2,0,No,Yes,0,85.9,-3.08254
36,No,18,22.8,61.5,0,No,Yes,1,81.87,-6.57596
37,No,17,25.7,197,0,No,Yes,3,77.32,2.85678
38,No,17,25.7,197,0,No,No,2,84.88,-1.37766
39,No,18,18.8,169.5,0,Yes,Yes,0,77.91,-0.62927
40,No,16,18.2,166.7,0,No,No,0,86.28,-6.54508
41,No,15,17.1,133.1,0,Yes,Yes,0,82.96,3.30864
42,No,17,22.2,131.4,0,No,Yes,1,76.03,4.9065
43,No,17,13.9,163.9,0,No,Yes,0,79.5,-2.08608
44,Yes,17,17.7,195.2,0,No,Yes,0,82.84,0.14831
45,Yes,17,20.9,279.2,0,Yes,No,1,91.47,1.77226
46,No,15,13.2,172.2,1,No,Yes,0,73.72,-0.67489
47,No,18,21.9,195.3,0,No,Yes,1,80.58,-4.65953
48,No,16,22.7,140.9,0,Yes,No,1,80.41,1.46071
49,No,16,21,176.9,0,Yes,Yes,0,81.49,-0.05494
50,No,17,21.1,193.1,0,No,Yes,1,86.93,4.12288
51,No,17,16.8,148.9,0,No,Yes,0,79.89,0.93351
52,No,17,19.1,289.7,0,No,No,0,86.41,-2.91929
53,No,18,18.3,174,0,No,Yes,0,81.25,-0.27501
54,Yes,17,21.6,221.9,0,Yes,Yes,0,87.78,2.23754
55,No,15,18.2,165.6,0,No,Yes,2,76.52,-0.49745
56,No,17,18.9,204.5,0,Yes,Yes,2,83.53,1.80221
57,No,16,20,114,0,No,No,0,72.54,-2.62596
58,No,16,16.9,193.6,0,Yes,Yes,1,88.85,3.97723
59,No,17,20.2,190.8,0,No,No,0,80.58,3.56536
60,No,18,20.7,145,0,No,No,0,79.42,-1.79386
61,Yes,17,17,253.4,0,No,Yes,1,88.78,-0.85605
62,No,16,22.4,177.4,0,No,No,1,80.78,3.83109
63,No,17,20.2,151.8,0,Yes,Yes,1,79.07,5.42029
64,No,17,25,193.2,0,No,Yes,1,81.32,-0.80486
65,No,15,23.2,282.5,0,No,Yes,2,95.64,5.6555
66,No,18,20.4,111.8,0,Yes,Yes,1,70.9,4.66711
67,No,16,15.6,185.7,0,Yes,Yes,0,82.51,3.69711
68,Yes,17,19.9,217.7,0,Yes,Yes,0,92.73,-4.66147
69,No,17,24.9,228.7,0,Yes,No,2,82.58,-3.3814
70,No,17,21.8,138.1,0,No,Yes,1,72.85,0.7184
71,No,16,22.4,174,0,Yes,Yes,1,82.01,-0.73368
72,No,17,20.8,241,1,Yes,Yes,0,85.17,7.13375
73,No,16,20.5,91.6,0,No,No,0,69.36,-0.17878
74,No,17,23.4,134.8,0,Yes,Yes,1,72.42,-7.31766
75,No,16,27.3,134.1,0,Yes,Yes,3,75.24,-0.74137
76,No,17,17.3,250.4,1,Yes,No,2,86.3,3.81091
77,No,18,22.7,168.9,0,Yes,No,1,82.88,3.03114
78,Yes,18,19.4,244.5,0,Yes,Yes,0,93.96,3.1445
79,No,17,21.7,215,0,Yes,Yes,1,85.19,-5.77227
80,No,18,20.4,265.6,0,No,Yes,0,88.47,4.81664
81,No,18,17.9,151.4,0,Yes,Yes,0,84.26,8.12521
82,No,16,22.6,161.9,0,No,No,0,78.14,2.9177
83,No,17,18.4,136.1,0,Yes,No,1,72.85,-0.34528
84,No,17,19.9,195.1,0,No,No,1,80.65,-2.80523
85,No,17,20.9,183.8,0,Yes,No,0,80.02,-8.8001
86,No,18,24.1,199.2,0,Yes,Yes,2,86.35,1.55885
87,No,18,18.5,157.9,0,No,Yes,0,84.97,-3.30808
88,Yes,18,20.9,303.8,1,No,No,0,89.54,-4.57829
89,No,17,23.3,135.8,0,Yes,Yes,1,77.8,7.81352
90,No,17,19.4,130,0,Yes,Yes,1,77.64,-0.53757
91,No,17,20.5,134.1,0,No,Yes,1,73.08,-7.33075
92,No,18,18.1,221.3,1,No,Yes,0,75.5,-0.49154
93,Yes,17,21.6,267,1,Yes,No,1,89.51,-1.57651
94,No,16,24.9,254.8,1,Yes,Yes,2,82.27,-6.21277
95,No,17,17.1,97,0,Yes,Yes,0,71.89,2.34575
96,No,17,22.2,164.2,0,No,Yes,0,85.16,2.81537
97,No,17,26,251.8,1,No,No,1,80.12,4.28536
98,No,17,20.5,161,0,Yes,Yes,1,82.88,3.6205
99,No,16,26.3,334.9,1,Yes,Yes,2,89.74,-0.40627
100,Yes,15,22.2,224.5,0,Yes,No,2,82.57,3.82307
101,Yes,17,20.6,203.2,0,No,No,0,81.22,1.92887
102,No,18,19.7,156.1,0,No,Yes,0,81.03,-3.92752
103,No,17,20.2,177.6,0,No,Yes,2,85.62,5.51327
104,No,16,22.5,153.3,0,Yes,No,0,81.85,10
105,No,17,19.4,140.5,1,Yes,Yes,0,78.94,-2.36346
106,No,17,22.5,218.1,0,No,Yes,2,73.88,-1.86947
107,No,17,22.2,236.1,0,No,Yes,0,80.95,-1.90853
108,No,18,18.1,116.7,0,No,Yes,0,75.69,-5.65848
109,No,18,20.6,206.4,1,No,Yes,1,79.12,4.33811
110,Yes,17,17.1,187.1,0,Yes,Yes,0,83.48,-5.86437
111,No,16,25,179.8,0,No,Yes,0,82.83,-0.77669
112,No,18,20.9,225.7,0,Yes,Yes,0,88.4,-6.7829
113,No,15,16.8,151.1,0,No,Yes,0,86.76,4.59449
114,No,17,13.8,161.6,0,No,Yes,0,75.83,-0.53728
115,No,17,21.1,188.1,0,Yes,No,0,77.13,5.60207
116,No,17,20.7,199.6,1,Yes,Yes,1,79.42,-2.13224
117,No,17,20.5,150.4,0,Yes,Yes,1,84.57,-1.15885
118,No,17,20.6,237.6,1,No,Yes,1,79.42,-1.57375
119,No,16,19.6,252.6,0,Yes,Yes,0,92.39,1.67822
120,No,18,22.6,215,0,Yes,No,0,75.24,-2.78889
121,No,16,19.6,227.8,0,No,Yes,0,88.27,1.95883
122,Yes,17,27.7,273.3,0,No,Yes,1,85.22,1.37425
123,No,16,19.3,119.6,0,No,Yes,1,79.04,-0.93806
124,No,18,15.8,232.7,0,No,Yes,0,85.41,-8.86602
125,No,16,15.3,65.5,0,No,No,0,72.15,-0.87833
126,Yes,17,21.3,214.7,0,No,No,0,74.27,-6.32276
127,Yes,15,19.2,200.8,0,Yes,No,1,86.33,-6.98938
128,No,17,22.1,205.4,0,No,No,1,90.13,-9.31485
129,No,15,18.4,136,0,Yes,Yes,0,85.5,-3.79146
130,No,16,22,254.8,1,No,No,1,81.59,-5.53451
131,No,17,23.1,247.2,0,Yes,Yes,1,90.72,3.85049
132,No,17,20.7,136.7,0,No,Yes,1,82.77,-0.31734
133,No,16,19.2,198.2,0,Yes,Yes,0,85.09,4.98042
134,No,17,25.5,144.6,0,No,No,2,78.26,-4.07167
135,No,17,22.3,182.5,0,No,No,1,74.41,0.31196
136,No,17,24.3,273.4,0,No,Yes,1,84.58,-2.38697
137,No,16,21.9,187,0,No,Yes,1,85.68,0.79518
138,No,17,20,202.5,0,No,No,0,75.68,-2.19103
139,No,17,18.3,83.8,0,No,No,0,73.66,1.24482
140,No,17,23.8,229.5,1,Yes,Yes,2,81.52,-0.91243
141,No,18,22,143,0,No,Yes,1,81.39,2.82194
142,No,18,20.3,110.7,0,No,Yes,2,80.44,-2.57545
143,No,17,20.7,225.8,1,No,Yes,0,81.99,-1.38813
144,No,17,21.9,147.3,0,No,No,1,79.82,-2.34684
145,No,16,21.1,191.5,0,No,No,1,77.02,0.26082
146,No,17,19.4,155.7,0,No,Yes,1,83.91,0.31106
147,No,16,21.6,130.3,0,Yes,Yes,1,80.24,-0.2272
148,No,16,18.4,201.4,0,No,Yes,1,83.14,5.54064
149,No,18,17.8,173.9,0,No,Yes,1,80.54,1.77812
150,No,15,25.3,221.4,0,Yes,Yes,1,84.01,-1.00412
151,No,17,20.9,290.1,0,Yes,No,0,93.69,1.8807
152,No,16,17.7,172.6,0,No,No,0,80.69,0.18059
153,No,18,20.1,134.7,0,No,Yes,1,68.81,-1.5326
154,No,17,16.6,109.6,0,No,Yes,0,80.54,-7.3187
155,Yes,16,23.5,319.9,1,Yes,No,2,96.89,-1.06788
156,No,18,21.8,167,1,No,Yes,1,80.45,2.32729
157,Yes,15,17.3,198.7,1,Yes,Yes,0,85.42,-3.1494
158,No,15,21.2,167.8,0,No,No,1,79.97,1.64378
159,No,17,23.5,246.6,0,Yes,No,2,86.23,4.74196
160,No,16,21,166.9,0,Yes,Yes,1,76.87,-5.4486
161,Yes,18,18.8,247.3,0,No,No,0,88.33,0.94766
162,No,17,24.8,160.7,0,Yes,Yes,1,77.17,-1.78495
163,Yes,16,20.9,360,0,No,Yes,1,96.15,-1.00875
164,No,16,20.3,201.6,1,No,Yes,0,77.76,-3.59885
165,No,18,19.6,189.6,0,Yes,No,1,81.27,-4.56874
166,No,17,16.6,95.9,0,No,Yes,0,79.33,3.48744
167,No,18,20.2,93.6,0,No,No,0,68.52,1.90283
168,No,17,20.8,235.5,0,No,No,1,85.37,4.94071
169,No,16,19.6,105.5,0,No,No,0,77.93,-1.30956
170,No,17,15.9,166.1,0,No,No,0,87.92,0.87089
171,No,17,19.5,196.8,0,No,No,1,76.55,-0.67912
172,Yes,16,19.9,220.5,0,Yes,Yes,1,87.55,-2.57601
173,No,17,22.1,169.7,1,No,No,0,68.86,2.56703
174,No,15,21.1,139.1,0,No,No,1,78.52,-2.39391
175,No,17,23.3,214.9,0,No,Yes,1,84.52,7.06446
176,No,18,23.7,251.7,0,Yes,No,1,84.42,-2.04747
177,No,18,19.2,190.3,0,No,No,0,81.05,-5.48225
178,No,16,21.5,100.8,0,No,No,1,73.42,-0.80511
179,No,17,19.6,156.1,0,Yes,Yes,0,85.21,4.39351
180,No,15,17.1,270.2,1,No,No,0,82.07,-6.44778
181,No,17,19.1,214,1,Yes,No,1,85.05,-7.29569
182,No,16,19.1,103.6,0,Yes,No,0,68.36,-3.26579
183,No,17,20.5,114.6,0,No,Yes,1,75.53,-1.22597
184,No,17,24.1,189.3,0,No,Yes,0,85.98,0.03132
185,No,17,21.9,182.9,0,No,No,2,71.82,4.75243
186,No,17,21.1,204.2,0,Yes,Yes,0,88.7,1.53234
187,No,17,21.8,193.1,0,No,Yes,0,78.33,1.2295
188,No,16,20.8,126.6,0,No,Yes,0,71.2,0.50742
189,No,16,21.7,149.5,0,No,No,1,73.18,-0.16552
190,No,16,20.9,120.7,0,No,Yes,1,75.9,-0.32892
191,No,17,24.7,223.4,0,Yes,Yes,0,90.88,7.70735
192,No,17,18.1,129.7,0,Yes,Yes,0,81.28,-1.01368
193,No,17,25.4,103.8,0,No,Yes,2,79.82,-2.22329
194,No,15,23,208.8,0,Yes,No,0,89.06,0.02062
195,Yes,18,20.5,324.5,1,Yes,Yes,1,97.46,4.81991
196,No,16,21.9,237,0,No,No,0,88.88,-2.57202
197,No,16,19.8,208.9,0,Yes,Yes,1,85.81,-7.29296
198,No,15,24.4,207.5,0,No,Yes,2,81.4,4.06905
199,Yes,17,17.8,183.2,0,No,Yes,0,86.78,2.15499
200,No,16,24.4,148.1,0,No,Yes,1,77.76,-1.3066
201,No,17,17.4,174.7,0,Yes,Yes,1,90.58,4.77154
202,No,17,25.1,274.2,0,No,Yes,1,84.56,3.17755
203,No,17,17.9,150.6,0,Yes,No,0,84.16,-7.3888
204,No,18,18.4,153.2,0,Yes,No,0,74.88,-0.9904
205,No,17,24.4,174.3,0,Yes,Yes,2,77.25,0.95408
206,No,16,24,138.7,0,No,No,1,75.22,1.03079
207,No,18,22.3,207.8,0,No,Yes,0,78.87,0.47759
208,No,16,21.1,110.2,0,No,No,1,77.96,-2.79497
209,No,17,21.7,211.8,0,Yes,No,0,79.1,3.561
210,No,18,15.6,176.6,0,No,No,0,79.93,-0.37261
211,No,17,19.7,209.7,0,No,No,0,83.24,2.0534
212,No,16,21.2,73.2,0,No,Yes,1,76.78,0.06361
213,No,16,21.2,182.7,0,Yes,No,1,86.42,1.90883
214,No,15,19.8,171.6,0,Yes,No,1,75.45,-0.89427
215,No,15,19.4,244.2,0,Yes,No,0,91.1,1.09546
216,No,17,22,124.9,0,No,No,0,80.1,-3.25893
217,No,18,19.9,135.7,0,Yes,No,0,78.41,1.5152
218,No,15,18.6,191.5,0,No,No,1,81.07,0.61822
219,No,16,21.9,204.7,0,No,Yes,1,74.09,0.20468
220,No,17,23.1,187.3,0,No,Yes,0,70.3,-3.73482
221,No,17,16.9,201.8,0,Yes,No,0,87.49,2.09724
222,No,18,17.2,170,0,Yes,Yes,0,76.35,3.96538
223,No,17,18.2,242.9,0,No,Yes,0,87.67,-0.67719
224,No,18,22.3,168.4,0,Yes,Yes,1,83.41,-0.08137
225,No,16,18.9,219.4,0,Yes,Yes,0,91.88,-5.48089
226,No,17,17.1,119.5,0,No,No,0,73.56,-3.31168
227,Yes,16,18.7,221.9,0,No,Yes,0,87.69,-4.67768
228,No,17,23.4,142.2,0,Yes,Yes,1,76.65,3.13514
229,No,16,20.6,152.9,0,No,Yes,0,84.21,5.77793
230,Yes,16,20.5,226.4,0,No,Yes,0,86.47,-3.80908
231,No,17,23,156,0,No,No,1,76.3,8.9284
232,No,18,21.3,143.2,0,No,Yes,1,75.22,-1.53962
233,No,15,21.5,195.6,0,Yes,Yes,0,87.17,-6.06849
234,No,17,21.2,223.2,0,No,No,0,76.75,0.85964
235,No,18,21.1,198.6,0,Yes,No,0,80.94,1.23615
236,Yes,16,23,231,0,No,Yes,1,86.6,-0.62376
237,No,17,26.3,220,0,No,Yes,1,84.64,-1.13146
238,No,17,21.1,180,0,No,Yes,0,83.11,-0.47822
239,No,18,20.7,117.2,0,Yes,No,0,82.79,-1.25473
240,No,16,24.9,173.6,0,Yes,No,2,78.45,1.09437
241,No,18,16.9,140.6,0,Yes,Yes,1,83.24,-1.86785
242,No,16,23.7,239.3,0,No,Yes,0,80.24,-2.47212
243,No,16,21.8,216,1,Yes,No,0,81.6,-3.0704
244,No,17,22.8,129.1,0,Yes,Yes,1,79.46,-6.91313
245,No,18,24.6,268.7,1,Yes,No,2,84.99,-6.24638
246,No,17,24.4,214.1,0,Yes,Yes,2,88.43,7.69512
247,No,16,22.8,168,0,Yes,Yes,0,86.58,0.10951
248,No,16,18.4,166,0,No,Yes,0,82.17,4.24539
249,Yes,15,20.1,256.4,0,Yes,No,1,87.09,-0.90432
250,No,17,20.4,164.7,0,No,No,2,69.77,1.2497
251,Yes,17,19.6,213.4,0,No,Yes,0,87.32,4.3465
252,No,16,30,204.2,0,No,Yes,3,81.23,-0.94012
253,No,18,18.3,239.4,0,No,No,0,85.86,0.39534
254,No,16,26.1,151,0,No,Yes,3,79.74,0.22047
255,No,16,19.8,127.8,0,No,Yes,2,78.41,-1.92167
256,No,16,20.7,247.9,0,No,Yes,0,86.93,2.941
257,Yes,17,21.5,226.4,0,Yes,Yes,2,79.17,2.73002
258,No,17,23.8,215.8,0,No,No,0,86.97,4.648
259,No,17,21.3,152.4,0,No,Yes,2,76.54,-0.29217
260,No,16,18.6,176.6,0,No,Yes,0,78.7,7.50209
261,No,17,21.8,106.7,0,No,Yes,1,80.03,5.24548
262,No,16,22.7,130.6,0,No,No,1,75.01,-6.83269
263,No,17,19.4,203.7,0,No,No,1,77.04,-7.5755
264,No,17,20.6,99.5,0,No,Yes,1,71.17,2.68441
265,No,18,17.4,170.9,0,No,Yes,1,80.48,2.95886
266,Yes,16,19.6,266.4,0,No,Yes,0,92.65,0.70041
267,No,16,24.3,247,0,Yes,Yes,1,91.87,-3.64368
268,Yes,18,23.4,278.7,0,Yes,Yes,0,92.4,-2.36752
269,No,16,20.9,148.8,0,No,Yes,0,78.19,-0.42585
270,No,16,19,191.1,0,Yes,Yes,0,90.19,-2.23875
271,No,18,15,130.8,0,No,Yes,0,79.53,1.71597
272,No,17,21.9,232.1,0,No,Yes,1,81.76,-1.28991
273,No,16,17.4,153.7,0,Yes,Yes,0,80.31,-0.30174
274,No,16,19.3,230.8,1,No,Yes,1,77.66,-1.24153
275,No,18,22.4,196.3,0,No,Yes,3,78.08,4.44717
276,No,18,21.6,201,0,No,Yes,2,82.41,-0.49093
277,No,18,18,258.9,0,Yes,Yes,0,88.61,-2.28213
278,No,17,17.2,196.1,0,No,Yes,0,74.08,4.87245
279,Yes,17,18.2,244.2,0,No,No,0,86.34,1.83629
280,No,18,22.9,188,0,No,Yes,1,73.51,-1.89025
281,No,18,24.2,214.2,0,Yes,Yes,1,81.18,1.20132
282,No,17,21.1,152.9,0,No,Yes,2,86.62,-0.67489
283,Yes,17,23.1,277.8,0,Yes,No,3,83.51,-0.04074
284,No,17,18.7,201.8,0,No,Yes,0,86.12,-4.05101
285,No,16,18.4,192.5,0,Yes,No,1,76.92,5.8842
286,Yes,16,17.1,217,0,No,No,0,89.59,1.17444
287,No,18,20.6,241.5,0,No,Yes,2,79.87,1.76642
288,No,15,20.5,233.2,0,No,Yes,0,86.41,2.46563
289,No,17,19.9,93.1,0,No,No,1,73.39,-0.42723
290,No,17,22.8,181.9,0,No,Yes,0,83.59,2.52211
291,Yes,15,24.2,232,0,No,Yes,1,88.29,0.99097
292,No,16,22.5,198.8,0,No,No,1,83.78,3.03445
293,No,15,24.9,266.3,1,Yes,Yes,1,86.75,0.05028
294,No,16,23.1,198.9,0,No,No,2,77.04,-0.87474
295,Yes,17,19.5,187.5,0,No,No,0,83.76,2.66684
296,No,17,19,120.2,0,No,Yes,1,76.86,1.38204
297,No,16,21.1,129,0,Yes,Yes,2,79.97,3.79493
298,No,17,22.3,232.3,0,No,No,0,77.33,-1.31136
299,No,16,19.9,232.8,0,No,Yes,0,88.83,-7.06017
300,No,17,17.2,153.4,0,No,No,0,73.39,-1.32227
301,No,18,17.9,147.4,0,Yes,No,0,81.44,3.85336
302,Yes,18,20.2,232.4,0,No,Yes,0,88.13,-0.67305
303,No,18,16.7,172.1,0,No,Yes,0,83.37,-1.60312
304,No,16,21.1,110.7,0,Yes,Yes,2,80.94,-1.30471
305,No,17,23.8,247,0,Yes,Yes,1,89.2,-0.63188
306,No,18,17.9,83.6,0,No,Yes,1,66.02,-2.88081
307,No,17,16,162.7,0,No,Yes,0,76.96,1.29011
308,Yes,17,21,223.4,0,No,Yes,1,83.75,-0.17498
309,Yes,16,16.1,289.3,0,No,Yes,0,82.52,-2.10499
310,Yes,18,27.3,296.1,1,Yes,No,2,98.23,-3.0678
311,No,18,25.8,202,0,No,Yes,3,78.43,-2.85556
312,Yes,17,24.1,157,0,Yes,Yes,3,85.54,-2.92574
313,No,17,18.7,293.9,0,Yes,Yes,0,97.95,3.33522
314,No,17,21.8,188.1,0,No,No,1,73.37,-4.5197
315,No,15,21.3,229.5,0,No,Yes,0,86.66,-2.61029
316,No,17,19.5,232.1,0,Yes,No,1,82.62,-0.64241
317,No,17,21.7,155.2,1,Yes,No,1,75.66,3.3139
318,No,16,19.4,203.5,0,Yes,Yes,0,88.26,0.48995
319,No,17,18.1,188.4,0,Yes,No,1,78.72,-6.17515
320,No,16,19.8,216.4,0,Yes,No,0,87.06,-2.73811
321,Yes,17,17.8,241.8,0,Yes,No,0,84.71,-1.17493
322,No,18,19,239,0,No,Yes,1,83.13,-3.4847
323,No,17,22.1,222.8,0,No,No,1,85.47,-2.21758
324,No,17,21,204.3,0,Yes,Yes,1,89.23,0.3956
325,No,17,17.7,227.7,0,No,No,0,92.8,-0.12192
326,No,17,18.4,230.8,0,No,No,0,81.93,5.06027
327,No,16,22.3,125.6,0,No,No,0,76.96,1.35309
328,Yes,16,21.8,219,0,Yes,Yes,1,89.22,3.76037
329,No,17,22.8,273.6,0,Yes,Yes,2,95.2,-2.22035
330,No,17,17.7,74,0,Yes,No,1,76.55,-6.61294
331,No,17,17.7,207.4,1,Yes,Yes,0,78.21,4.26683
332,No,17,21.7,176.6,0,No,Yes,0,78.19,4.5277
333,No,17,23.3,236.1,0,Yes,Yes,3,87.48,0.40092
334,No,16,19.8,223.4,0,Yes,Yes,0,89.58,-3.88377
335,Yes,16,20.2,193.7,0,No,Yes,0,87.06,1.47755
336,No,17,23,157.6,0,Yes,No,2,78.35,-2.8777
337,No,15,22.6,63.7,0,No,Yes,1,68.34,-1.84172
338,No,16,18.6,111.1,0,Yes,Yes,1,77.15,7.38186
339,Yes,16,23.2,190.8,0,No,Yes,0,83.33,-5.93485
340,No,18,24.6,44,0,No,Yes,1,73.77,-5.00507
341,No,17,25.7,254.3,0,Yes,No,1,83.18,3.47645
342,No,15,23.6,217.9,0,Yes,Yes,1,84.62,1.52452
343,Yes,17,25.2,301.6,0,Yes,No,0,90.47,-1.58205
344,No,16,21.6,198.6,0,Yes,Yes,1,92.17,-2.81789
345,No,17,18.8,228.2,0,No,No,0,85.19,1.08176
346,No,16,17.9,190.5,0,No,No,0,86.02,3.69435
347,No,17,17.4,210.8,1,No,No,0,76.52,-2.83171
348,No,16,28.6,284.8,1,Yes,Yes,1,86.46,-3.39424
349,Yes,17,22.7,210.4,0,Yes,Yes,1,85.81,1.09056
350,No,17,24.9,244.6,0,No,No,2,85.18,-6.11883
351,No,17,18.7,99.7,0,No,No,0,74.68,2.62156
352,No,17,18,55.2,0,No,Yes,0,73.78,9.39755
353,No,18,19.9,178.4,0,Yes,Yes,2,85.93,4.48938
354,No,17,26.8,182.5,1,Yes,Yes,2,81.69,-2.21554
355,Yes,18,25.6,276,0,No,Yes,1,93.6,-3.42253
356,No,17,25.3,104.8,0,No,No,2,65.92,-2.79924
357,No,17,25.5,139.2,0,No,Yes,1,82.72,-2.99018
358,No,17,24.8,155.4,0,Yes,No,1,80.17,-0.5638
359,No,16,21.7,203.2,0,Yes,Yes,2,82.94,1.33333
360,No,17,23.8,211,1,Yes,Yes,1,77.01,-0.60114
361,No,17,19.4,270.3,1,No,No,1,85.99,-3.87714
362,Yes,16,21,278.8,1,Yes,No,1,83.24,-5.95217
363,Yes,18,20.2,178.6,0,No,No,2,84.92,-4.29232
364,No,17,18.9,87.2,0,No,No,1,68.92,-4.22927
365,No,18,22.2,177.3,0,No,Yes,0,80.35,-2.80398
366,No,17,18.2,197,0,Yes,Yes,0,78.84,0.17513
367,No,17,17.5,189.5,0,Yes,Yes,0,81.39,2.37475
368,No,17,20.5,209.5,0,Yes,Yes,0,88.62,-3.0374
369,No,18,19,246,0,No,Yes,0,86.66,-4.00818
370,Yes,18,16.5,225,0,No,No,0,83.01,1.86117
371,No,16,20.8,245.9,1,No,Yes,1,85.21,5.14563
372,No,16,23.9,158.4,0,No,Yes,1,83.39,4.43694
373,No,17,20,161.6,0,No,Yes,0,82.06,2.57621
374,No,17,25.3,118.3,0,No,Yes,2,71.82,1.98605
375,No,16,19,333.9,1,Yes,No,0,80.92,-1.1902
376,No,17,21.7,218.4,1,No,Yes,1,86.67,-2.70219
377,No,16,22.1,214.1,0,No,Yes,0,79.82,0.00718
378,Yes,16,19.4,275.5,0,No,Yes,0,89.03,2.09153
379,No,18,20.5,216.3,0,No,No,1,84.39,-1.21325
380,Yes,15,20.5,216.3,0,No,Yes,0,87.54,-3.4488
381,No,18,23.9,257.2,0,No,No,1,86,-2.71347
382,No,17,25.1,153.1,0,No,No,3,75.37,4.51458
383,No,17,18.9,147.7,0,No,No,0,85.75,-0.2997
384,No,18,17.8,124.9,0,Yes,No,0,78.21,0.17537
385,No,17,22.7,217.9,0,Yes,No,0,83.79,-1.1636
386,No,16,26.3,206.3,0,Yes,No,3,84.1,1.2274
387,No,16,20.9,191.3,0,Yes,No,2,83.49,4.04121
388,No,18,19.3,144.9,0,No,Yes,0,88.97,-1.56573
389,No,17,17.8,146.9,0,No,Yes,0,76.77,1.2595
390,No,18,17.8,165.3,0,Yes,Yes,0,88.31,-7.4974
391,Yes,17,21.4,285.3,0,Yes,Yes,2,92.52,2.97629
392,No,17,16.8,146.1,0,No,No,0,75.99,-0.11565
393,No,18,19.9,293.7,0,No,Yes,1,92.56,3.95636
394,No,18,21.9,203.9,0,No,Yes,2,79.19,7.49396
395,No,16,17,215.8,0,Yes,Yes,0,82.85,-5.00235
396,No,18,24,159.7,0,Yes,Yes,1,83.66,3.14155
397,No,16,16.2,213.1,0,Yes,No,0,87.23,-0.46358
398,No,17,21.5,120.8,0,Yes,Yes,1,82.82,2.94662
399,No,18,19.1,139.5,0,No,Yes,1,71.45,3.61737
400,No,15,24.4,218.7,1,No,Yes,1,84.03,0.79597
401,No,18,16.7,123.1,0,No,Yes,0,86,4.47883
402,No,18,19.1,201.4,0,No,No,0,75.85,1.29617
403,No,16,20.5,190,1,Yes,Yes,0,87.03,0.53874
404,No,17,18.9,203.4,1,No,Yes,0,75.77,-1.88842
405,No,17,21.6,267.1,0,Yes,No,0,88.39,3.82618
406,Yes,16,18.2,293.9,0,Yes,Yes,0,92.4,-0.31046
407,No,17,22.2,156.2,0,No,Yes,1,77.12,5.06645
408,No,17,25.4,256,1,No,Yes,1,79.75,-6.00241
409,No,18,15.9,201.6,0,Yes,Yes,0,81.38,-2.34171
410,No,17,23.8,216.5,1,No,Yes,1,80.47,-1.46607
411,No,17,22.6,167.8,0,Yes,Yes,1,80.17,0.58786
412,Yes,17,20.9,297.9,0,No,Yes,0,95.31,3.59445
413,No,18,23.8,185.9,0,No,No,2,73.6,-1.3556
414,No,17,18.9,107.8,0,No,Yes,1,72.33,-3.48626
415,No,17,25.6,192.9,0,No,No,2,79.52,-0.70153
416,Yes,17,19.5,245.8,0,Yes,Yes,0,89.67,-0.34082
417,Yes,17,22.4,338.2,0,No,Yes,1,91.61,-1.82342
418,No,18,22.2,127.2,0,No,No,1,78.51,2.77985
419,Yes,17,18.1,259.4,0,No,Yes,0,92.63,-3.39429
420,No,18,19.1,251.6,0,No,No,0,81.12,1.03916
421,No,17,17.1,199.8,0,No,No,0,80.32,0.92632
422,Yes,18,20.9,207.8,0,No,No,1,79.01,2.55901
423,No,17,20.8,107.4,0,No,Yes,0,76.28,-0.42009
424,Yes,18,20.1,196,0,Yes,No,0,88.87,0.12124
425,No,18,20.3,131.3,0,No,Yes,2,81.28,-0.63103
426,No,17,14.2,278.5,1,No,No,0,84.37,1.39095
427,No,16,22,201.4,0,No,No,1,83.97,2.17788
428,No,18,19.8,150.5,0,No,Yes,1,81.97,-5.29062
429,No,18,19.7,129.4,0,No,No,1,74.48,-2.1761
430,Yes,17,19.2,313.2,0,No,Yes,1,89.34,0.85612
431,No,16,20.9,164.7,0,Yes,No,1,80.6,-1.27238
432,No,15,23.3,182.7,0,Yes,Yes,1,86.62,4.90049
433,No,18,17.8,125.4,0,Yes,Yes,0,81.57,-1.62334
434,No,18,22.7,205,0,No,No,2,79.11,-2.55902
435,No,16,17.8,223.5,1,Yes,Yes,0,89.82,-1.33971
436,No,17,23.6,178.9,0,No,Yes,1,79.17,-0.73291
437,No,17,21.4,139.7,0,No,No,0,75.56,-0.78392
438,Yes,17,26.9,250.6,0,No,Yes,2,83.11,1.14675
439,No,17,22.9,197.4,0,No,Yes,1,79.93,-0.6738
440,No,17,16.7,131.2,0,No,No,0,79.92,-5.73964
441,No,17,17.7,80.7,0,No,No,1,71.24,1.83094
442,No,17,25.1,183.8,0,No,No,2,77.53,4.17294
443,No,16,18.7,237.5,0,No,Yes,0,89.5,-0.71431
444,No,18,19.9,114.9,0,No,Yes,0,79.92,-1.10063
445,Yes,18,19.8,304.2,0,No,Yes,0,89.47,0.44509
446,No,17,18.8,88.4,0,No,Yes,0,77.42,-3.89672
447,No,17,24.5,244.7,0,Yes,Yes,3,89.64,2.55881
448,No,18,25.8,174.2,0,No,No,2,82.83,-0.70494
449,No,17,20,164.1,0,Yes,Yes,1,80.78,1.87794
450,No,17,20.9,262.2,1,No,No,0,84.59,-1.66186
451,Yes,17,19.6,328.3,0,Yes,Yes,0,94.9,-4.94706
452,No,18,19.8,170.1,0,No,No,0,80.12,2.41472
453,Yes,16,18.1,230.8,0,Yes,Yes,0,90.44,-1.68136
454,No,16,15.5,158.2,0,No,No,0,77.33,-4.20122
455,No,18,23.9,241.8,0,Yes,No,2,79.66,1.96602
456,No,17,21.7,128.1,0,Yes,Yes,1,77.2,8.57589
457,Yes,18,19.1,331.6,0,Yes,Yes,0,99.03,-0.18099
458,Yes,16,17.8,269.5,0,Yes,No,1,88.83,-4.6396
459,No,18,19.4,153.6,0,Yes,No,1,80.16,2.04748
460,No,17,19.6,286,0,Yes,No,0,94.74,0.25723
461,No,16,22.4,249.2,1,No,Yes,0,87.17,1.67111
462,No,16,19.9,172.4,0,Yes,Yes,2,86.71,6.7338
463,No,18,18,159.7,0,No,Yes,1,74.63,1.49866
464,No,16,16.9,118.3,0,No,No,0,75.31,5.41329
465,No,16,20.9,166.7,1,Yes,Yes,0,86.23,-1.45547
466,No,17,26.5,231.5,1,No,Yes,1,83.17,-2.63455
467,No,18,19.8,125.9,0,No,No,0,79.12,0.42979
468,No,18,22.4,178.6,0,No,Yes,2,83.34,-2.69594
469,No,17,28.7,291.5,0,Yes,No,2,83.81,-0.8441
470,Yes,17,18.3,196.6,0,No,Yes,0,78.07,1.32562
471,No,18,24.7,175.7,0,Yes,Yes,3,81.91,1.01852
472,Yes,17,22.5,151.1,0,Yes,No,1,72.67,3.38773
473,Yes,17,20.2,220.9,0,No,Yes,1,82.45,-0.57516
474,No,16,21.7,166.9,0,Yes,Yes,0,88.48,-0.37139
475,No,16,24.5,136.2,0,No,No,1,73.95,-0.74567
476,No,18,19.5,106.1,0,No,No,2,71.25,-2.74249
477,No,18,23,115.7,0,No,No,1,75.33,-7.15622
478,No,17,19.7,162.7,0,Yes,Yes,0,77.15,-0.02511
479,No,16,20.2,145.3,0,No,Yes,0,72.48,-7.00728
480,No,15,24.6,118.1,0,Yes,No,1,77.83,1.53057
481,No,16,27.2,190.4,0,No,No,2,83.61,-0.32197
482,No,17,19.7,156.8,0,Yes,No,2,72.01,1.34794
483,No,17,24.2,232.6,0,Yes,Yes,2,79.67,0.34716
484,No,17,19.2,161.8,0,No,No,0,82.2,-2.71628
485,Yes,16,26,224.4,0,Yes,No,1,92.81,3.49828
486,Yes,16,21.2,224.3,0,Yes,Yes,2,88.74,2.55731
487,No,17,21.3,168.8,0,Yes,Yes,0,80.55,-2.11983
488,Yes,17,17.1,240.8,0,Yes,No,0,86.74,1.66543
489,No,17,22.8,179.3,0,Yes,No,1,83.43,-0.88177
490,No,17,20.1,206,0,No,Yes,0,92.59,0.3672
491,No,17,21.7,130.8,0,Yes,No,2,75.19,-1.91827
492,No,18,22.8,187.9,1,No,No,0,77.13,-2.9415
493,No,18,19,167.3,0,Yes,No,2,82.59,-1.33866
494,No,17,18.5,199,0,Yes,No,0,83.52,1.85793
495,Yes,17,17.3,349.3,0,Yes,Yes,0,93.87,1.20634
496,No,16,24.5,86.7,0,No,Yes,1,70.36,-2.43125
497,Yes,18,23.3,265.6,0,No,Yes,0,91.32,-2.37197
498,No,17,23.3,245.9,0,No,Yes,2,78.72,4.98816
499,No,18,15.4,164,0,Yes,No,0,83.24,-5.06119
500,No,16,20.9,274.8,1,Yes,No,0,85.94,-6.4601
501,No,17,23.1,198.4,0,No,No,1,83.87,-1.85471
502,No,16,20.5,102.7,0,No,Yes,1,71.07,-2.44434
503,No,17,21.2,164.9,0,No,Yes,2,73.7,-7.63759
504,No,15,19.4,70.7,0,Yes,No,1,66.5,2.61344
505,Yes,16,20,245.8,0,No,Yes,1,81.33,6.33454
506,Yes,17,22.9,268.1,0,No,Yes,0,91.19,-1.49238
507,No,16,23.7,243.7,0,Yes,Yes,2,87.98,-2.09474
508,No,17,21.6,189.1,0,No,Yes,1,76.15,0.51096
509,Yes,16,21.6,230.2,0,No,Yes,1,91.94,1.79427
510,No,17,22.7,220.3,0,No,No,1,78.18,-0.87414
511,No,18,16.4,209,0,No,Yes,0,81.19,3.32992
512,Yes,16,19.4,233.2,0,No,Yes,0,97.15,1.82829
513,No,16,23.4,191.2,0,Yes,No,1,83.55,-1.31518
514,No,16,22.2,163.3,0,No,Yes,0,75.83,2.2586
515,No,17,21.5,202.2,0,No,No,0,87.55,2.5548
516,No,17,18.3,250,0,No,No,1,93.58,2.58491
517,No,17,26.8,251.8,0,No,Yes,2,85.15,-4.93926
518,No,18,19.3,213.5,0,Yes,No,0,85.33,-5.17902
519,No,16,21.3,219.5,0,No,Yes,1,87.39,3.27199
520,No,18,20,159.9,1,No,Yes,1,72.88,-0.76665
521,No,17,17.5,204.3,1,No,Yes,1,78.9,4.98627
522,No,17,21.1,216.8,0,No,Yes,0,78.48,-4.95464
523,Yes,18,21.6,276.2,0,No,Yes,1,87.75,4.96549
524,Yes,17,15.1,272.6,0,No,Yes,0,85.86,1.10806
525,No,17,18.8,166.4,0,Yes,Yes,0,74.4,1.76951
526,No,17,21.4,186.5,0,No,Yes,0,85.51,1.18533
527,No,17,15.6,117,0,No,No,0,76.74,1.87224
528,Yes,16,23,221.9,0,No,Yes,1,76.11,0.7609
529,Yes,17,22.2,253.5,0,Yes,Yes,3,91.3,-1.06091
530,No,17,23.1,152.7,0,No,Yes,2,84.28,-1.39407
531,Yes,17,20.2,269.1,0,Yes,Yes,0,97.81,-3.3663
532,No,16,14.4,112.8,0,No,No,0,78.88,-3.21166
533,Yes,16,21.5,197.1,0,Yes,Yes,2,88.53,5.1547
534,No,18,19.5,150.3,0,Yes,Yes,1,84.11,-1.9465
535,No,18,28.6,214,0,Yes,Yes,3,81.54,-6.48122
536,No,17,17.6,46.5,0,No,Yes,0,66.12,4.81192
537,Yes,18,23.7,300.6,0,Yes,No,1,95.59,-1.65699
538,No,16,22,181.5,0,Yes,No,2,81.34,1.53942
539,No,18,23.2,198.4,1,No,No,1,80.38,-1.07094
540,No,17,19.4,94.9,0,Yes,No,0,77.41,0.20096
541,Yes,17,19,219.8,0,Yes,Yes,0,86.69,-6.19767
542,No,16,21.6,193.9,0,Yes,No,0,86.3,-6.55513
543,No,16,19.8,78.1,0,Yes,No,1,78.24,5.00449
544,No,16,19.2,171.7,0,Yes,No,0,90.25,1.93292
545,No,17,21.7,149.1,0,No,Yes,1,78.73,2.64599
546,No,17,19.8,211.4,0,No,No,0,80.91,-3.53142
547,No,16,23.4,148.3,0,No,No,1,77.55,0.33564
548,No,18,23,244,0,No,Yes,1,91.85,-1.69232
549,No,17,18.1,169.7,1,Yes,No,1,76.35,-4.70499
550,No,17,20.4,118.3,0,No,No,1,76.25,-0.40935
551,Yes,17,21.9,274.8,0,Yes,Yes,1,89.43,0.14471
552,No,15,17.4,195.3,0,No,No,0,78.08,-2.82167
553,No,18,23.7,174.9,0,No,Yes,2,81.83,-1.9259
554,No,18,29.6,191.7,0,No,Yes,3,79.5,-3.6513
555,Yes,18,28.1,226.9,0,No,Yes,2,87.17,3.92232
556,No,17,20.8,136.7,0,Yes,Yes,1,73.05,-3.72627
557,No,17,21.3,213,0,Yes,Yes,1,83.41,-0.07814
558,No,16,20.5,157.5,1,No,Yes,0,75.73,-4.37663
559,No,17,24.7,174.6,0,No,No,2,80.61,-2.92816
560,No,18,24.1,97.6,0,Yes,No,0,77.17,-3.80557
561,No,16,22.4,201.3,0,No,Yes,0,87.37,0.68332
562,No,16,21,164.8,0,No,No,0,69.46,-3.60781
563,No,17,19.7,126.2,0,No,Yes,0,82.38,-1.13461
564,No,17,25.1,215.2,1,No,Yes,2,79.55,-3.66816
565,No,18,21.5,97.8,0,No,No,0,76.2,2.88293
566,No,17,23.3,111,0,Yes,No,1,76.26,2.75185
567,No,16,19.2,206.3,0,No,Yes,0,85.82,0.36804
568,Yes,17,28,273.1,0,Yes,Yes,1,91.93,4.44968
569,No,16,25,248.5,0,No,Yes,0,90.13,-0.69826
570,No,17,18.6,222.5,0,Yes,No,0,86.47,1.31318
571,No,16,20.9,232.3,0,No,Yes,0,85.33,-1.62174
572,No,17,18.8,181.7,0,Yes,No,1,76.33,0.71036
573,Yes,17,22.3,305.5,0,Yes,No,1,94.43,-0.0303
574,No,16,20.1,154.5,0,Yes,Yes,0,81.72,0.85469
575,No,16,19.7,182.3,0,No,Yes,2,81.34,-3.25386
576,No,18,21.3,151.8,0,No,No,1,80.51,-0.07745
577,Yes,18,22.5,237.8,0,No,No,1,86.89,0.23171
578,No,17,22.1,248.3,0,No,Yes,2,82.48,-1.01955
579,No,18,20.6,140.8,0,No,Yes,2,77.05,0.12989
580,Yes,16,21.8,248.2,0,Yes,Yes,2,80.02,4.69381
581,No,17,23,212.5,0,Yes,Yes,2,86.1,-1.11429
582,No,17,15,162.6,1,Yes,No,0,80.45,4.82702
583,No,18,22.1,134.8,0,Yes,Yes,0,76.73,5.9432
584,No,15,25.2,206.4,0,No,No,0,80.54,3.91291
585,No,16,26.2,256.4,0,Yes,Yes,2,93.53,0.94778
586,No,17,21.6,129.7,0,Yes,No,1,75.91,0.40914
587,No,15,17.3,214.8,0,No,No,0,82.7,2.83444
588,No,17,22.3,204,0,No,No,2,87.31,1.92265
589,No,16,23.8,166.3,1,No,No,3,71.34,-2.68391
590,No,17,22.7,235.4,0,No,Yes,0,85.46,1.68144
591,No,18,22.8,322.6,1,No,Yes,2,89.03,-4.22678
592,No,18,23.5,207,0,Yes,No,2,80,-1.94213
593,No,16,24.8,127.8,0,Yes,Yes,1,75.22,1.37993
594,No,16,19.1,289,0,Yes,No,0,90.79,5.69962
595,No,17,24.5,89.7,0,Yes,No,1,70.79,-4.0311
596,No,17,18.7,30.4,0,No,Yes,1,69.12,-4.07568
597,Yes,16,16.3,283.7,0,No,No,0,95.47,0.65212
598,Yes,18,21.1,311.7,1,No,Yes,1,91.8,1.98977
599,Yes,18,22.6,198.8,0,Yes,Yes,1,86.34,0.16098
600,No,15,19.1,186.3,0,No,Yes,1,78.3,2.62157
601,No,16,25.7,237.7,0,No,Yes,0,86.24,2.70709
602,No,17,20.3,201.3,0,No,No,1,80.99,3.31978
603,No,16,23.7,138.4,0,No,No,1,81.56,-0.89606
604,No,17,22.8,179.3,0,Yes,Yes,3,80.99,4.48729
605,Yes,17,18.4,253.6,0,Yes,No,0,92.93,5.34827
606,Yes,16,22.4,314.9,1,No,No,0,89.3,-4.02531
607,Yes,17,20.4,251.5,0,No,No,0,87.27,-5.2471
608,No,17,21.8,141.6,0,Yes,No,0,77.82,1.21184
609,No,18,15.1,179.9,0,No,Yes,0,87.71,-6.56508
610,No,16,24.3,175.3,0,No,Yes,1,83.74,2.68562
611,No,17,23.3,129.6,0,Yes,Yes,1,76.71,0.67204
612,No,16,19.5,257.8,0,Yes,Yes,0,89.73,-0.72835
613,Yes,15,18.5,200.7,0,Yes,Yes,0,89.64,-4.35287
614,No,17,19.6,228.4,0,Yes,Yes,0,86.64,-1.81435
615,Yes,17,23.1,282.5,0,Yes,No,2,96.53,-2.75004
616,No,16,23.1,309.2,0,Yes,Yes,0,92.09,-2.11668
617,Yes,17,22,297.3,1,Yes,No,0,91.12,-3.42693
618,No,18,20.2,266,0,No,No,0,81.13,-4.32357
619,No,16,16.4,90.3,0,No,No,0,72.2,1.18892
620,No,18,24.6,293.5,1,No,Yes,2,89.4,-6.50014
621,Yes,16,24.9,287.7,0,Yes,Yes,3,95.21,1.78375
622,No,17,14,186.2,0,No,Yes,0,77.8,-2.63554
623,No,17,25.9,173.1,0,No,Yes,3,77.16,-2.51922
624,No,16,18.5,238.7,0,Yes,Yes,0,88.98,-2.31287
625,No,18,20.7,156.7,0,No,Yes,0,77.13,-0.68505
626,No,17,20.5,183.1,1,Yes,No,1,81.44,-0.16636
627,No,17,22.2,185.8,1,Yes,No,1,75.29,2.55778
628,No,15,24.1,172.5,0,Yes,Yes,1,84.76,-4.55975
629,No,17,20.2,178.7,0,No,No,1,74.35,1.28616
630,No,16,21.6,191.3,0,Yes,Yes,1,79.66,1.92835
631,No,16,24.3,97.9,0,No,No,1,77.1,0.27526
632,Yes,17,19.7,196.2,0,Yes,No,1,85.75,5.43138
633,Yes,16,16.4,180.5,0,No,Yes,0,87.43,0.43572
634,No,17,21.1,268.1,0,No,Yes,0,91.07,-2.28422
635,No,17,22.6,175,0,No,Yes,1,80.4,2.27267
636,No,17,19.5,184.8,0,No,Yes,1,80.93,-1.80617
637,No,18,22.9,183.1,0,No,Yes,1,87.43,0.26747
638,No,17,19.8,4.3,0,No,Yes,1,76.11,-2.65684
639,No,17,22.6,129.4,1,No,No,0,73.66,0.87271
640,No,18,18.7,148.3,0,Yes,No,1,78.36,3.75284
641,No,16,19.9,151.6,0,No,Yes,1,75.73,-3.13203
642,No,16,15.5,153.9,0,Yes,Yes,0,91.17,4.07084
643,No,17,19.8,185.8,1,Yes,Yes,0,78.22,2.77733
644,No,17,18.6,158.8,0,Yes,Yes,0,88.75,-2.40232
645,Yes,18,22.4,279.2,0,Yes,No,1,100.05,3.55501
646,No,16,21.2,261.3,0,Yes,Yes,0,89,-0.17335
647,Yes,17,19.4,258.9,0,No,No,0,82.68,2.63674
648,Yes,17,25.2,241.8,1,No,Yes,2,82.47,-1.44254
649,No,16,23.3,140.7,0,No,No,2,77.63,0.34436
650,Yes,15,16.9,276.1,0,No,Yes,0,93.73,-1.39716
651,No,17,19.3,121,0,Yes,No,1,77.54,-4.84626
652,No,16,19.8,106.2,0,No,Yes,1,69.75,1.97692
653,No,16,20.4,153.5,0,No,No,0,81.69,2.77682
654,No,16,22.9,153.9,0,Yes,Yes,2,80.84,-3.96105
655,No,17,22.4,208.5,0,Yes,Yes,1,88.04,-0.58961
656,No,16,22.8,178.5,0,Yes,No,2,80.16,-0.15127
657,No,17,19.8,134,0,No,Yes,0,81.41,1.14448
658,No,16,21.1,246.8,0,Yes,Yes,1,93.73,-4.02166
659,No,17,19.9,169.9,0,Yes,Yes,1,83.26,-1.16994
660,Yes,15,19.3,257.7,0,No,Yes,0,94.56,-3.92388
661,No,17,23.1,102.5,0,No,Yes,1,73.49,2.85566
662,No,18,24.8,166.5,0,No,Yes,1,82.71,-0.16481
663,Yes,17,23.4,296.5,0,Yes,Yes,1,91.91,2.03715
664,Yes,15,22.2,255.2,0,Yes,Yes,1,92.52,-0.27053
665,No,17,20.9,269.1,0,No,No,1,85.36,-4.08064
666,Yes,17,25.6,340.4,0,Yes,Yes,1,93.84,1.67423
667,No,17,22.8,103.7,0,No,Yes,2,71.18,0.32665
668,No,18,25.1,205.8,1,Yes,Yes,2,79.75,-0.68717
669,No,18,18.6,160.4,0,No,No,0,73.67,0.60774
670,No,17,19.9,138.3,0,No,Yes,0,84.12,1.42674
671,Yes,16,17.5,324.2,0,Yes,No,0,92.97,2.59161
672,No,18,21.4,257.1,0,No,Yes,0,91.45,-2.8525
673,No,18,24.3,121.7,0,No,Yes,2,78.11,-4.22807
674,No,15,22.5,55.9,0,No,Yes,1,69.35,0.15331
675,Yes,16,19.2,230.9,0,Yes,Yes,1,88.64,-2.55058
676,No,16,23.8,237.6,0,No,No,1,84.48,2.17141
677,Yes,16,17.8,184,0,Yes,Yes,0,85.47,-8.00598
678,No,18,20.6,221.5,0,Yes,Yes,2,83.17,1.6876
679,Yes,16,20.3,203.3,0,No,No,0,87.78,-2.42358
680,No,17,18.9,208.1,1,Yes,Yes,0,89.03,-3.99676
681,No,18,19.4,162.1,1,No,Yes,0,84.63,-2.56121
682,No,17,19.3,185,0,Yes,Yes,2,82.8,1.83506
683,No,16,22.5,197.6,0,Yes,Yes,1,86.07,-6.38156
684,No,17,24.5,184.5,0,No,Yes,0,83.53,-2.45586
685,No,18,19.5,238.8,0,No,Yes,1,84.76,3.87027
686,Yes,16,20.8,292,0,Yes,Yes,0,93.81,0.84407
687,No,17,23.7,265,0,No,No,2,85.17,-1.69273
688,Yes,17,18.5,222,0,No,Yes,0,86.57,-0.80364
689,No,16,22.1,156.3,0,No,Yes,0,79.17,1.98979
690,No,17,21.2,93.2,0,Yes,Yes,1,75.08,1.99645
691,Yes,17,18.4,182.4,0,No,Yes,1,87.96,-8.24599
692,No,18,19.8,155.8,0,No,Yes,0,78.94,-3.19836
693,No,18,25.1,199.2,0,No,Yes,1,78.52,-0.2138
694,No,17,22.4,157.2,0,No,No,1,83.97,9.56458
695,Yes,16,22.1,249.5,0,No,Yes,2,89.8,2.78114
696,Yes,16,15.8,190.8,0,No,No,0,86.46,-0.1124
697,No,17,21,86.9,0,No,No,0,76.97,0.33377
698,Yes,18,23,235.2,0,Yes,No,1,83.1,1.64465
699,Yes,16,20.8,205.8,0,No,Yes,1,87.85,0.0201
700,No,16,18.2,101.9,0,Yes,Yes,1,74.08,-2.27478
701,No,18,27.1,243.7,0,Yes,No,2,91.78,-0.15862
702,No,16,20,160.3,0,No,No,0,71.59,-1.0638
703,No,17,18,201.8,0,No,Yes,0,85.64,-2.056
704,Yes,18,19.7,235.7,0,Yes,Yes,1,85.34,0.08751
705,Yes,17,17.8,196.5,0,Yes,No,0,80.47,-0.22106
706,No,17,23.7,228.5,0,No,No,1,89.02,0.88451
707,Yes,16,19,221,1,No,No,1,84.3,-3.34578
708,No,16,20.9,218.9,0,No,Yes,1,81.65,2.86331
709,No,18,20.3,239.4,0,Yes,Yes,0,83.42,4.73334
710,No,16,19,249.6,0,Yes,Yes,0,91.79,-1.3984
711,No,17,20,126.2,0,Yes,No,1,79.56,0.84682
712,No,18,21.3,261.6,0,No,Yes,0,84.46,-0.83165
713,No,16,21,232.2,1,Yes,Yes,0,79.45,-9.13014
714,No,17,21.4,197.8,0,No,Yes,0,77.57,4.75239
715,No,18,23.1,198.3,0,No,No,1,86.74,-1.27734
716,No,17,16.5,107.5,0,No,Yes,0,70.24,-1.70918
717,No,18,24.5,133.9,0,No,Yes,1,76.59,-0.97781
718,No,18,18.1,141.1,0,No,No,0,74.5,-2.37076
719,No,16,22.3,169.6,0,No,Yes,2,72.88,2.78985
720,No,18,16.3,160.3,0,Yes,Yes,0,81.08,2.73433
721,No,16,20.3,177.8,0,No,Yes,0,78.98,-1.1204
722,No,16,20.1,177.7,0,Yes,Yes,0,91.68,1.97081
723,No,18,20.9,253.5,1,Yes,Yes,2,93.47,-4.38132
724,No,18,22,214.6,0,Yes,No,2,83.96,1.43933
725,No,17,21,188.3,0,No,Yes,1,84.87,2.20233
726,No,15,19.5,177.6,0,Yes,Yes,1,77.8,-1.72711
727,No,17,24.3,186.7,0,Yes,Yes,2,81.34,5.56047
728,No,18,22.1,140.7,0,No,Yes,2,69.06,4.02833
729,Yes,17,20.8,279,0,Yes,Yes,1,93.15,-1.19506
730,No,16,19.2,145.3,0,No,Yes,0,82.53,2.36105
731,No,17,23.5,208.7,0,Yes,No,1,77.92,-3.44663
732,No,17,23.9,209.1,0,Yes,Yes,1,82.24,-0.84621
733,Yes,18,18.4,164.7,0,No,No,0,70.89,-2.70452
734,No,17,20,146.4,0,Yes,No,0,78.47,2.83217
735,Yes,18,17.6,178.9,0,No,Yes,0,81.93,-1.69392
736,No,17,22.4,171.9,0,Yes,Yes,1,83.58,9.30344
737,No,18,20.5,247.6,0,Yes,Yes,1,83.51,-2.39947
738,No,16,25.8,199.6,0,No,No,1,79.11,1.43071
739,No,17,21.2,113,0,Yes,Yes,1,79.46,6.50688
740,No,16,17,305.1,0,Yes,No,0,96.04,-2.21211
741,No,16,19.1,202.8,0,Yes,Yes,0,87.57,3.83164
742,No,17,19.2,176.6,0,No,Yes,0,77.47,-0.32115
743,No,17,21.7,282.9,0,No,Yes,0,90.45,-7.00309
744,No,18,17.3,172.8,0,No,Yes,0,79.76,0.80779
745,No,17,19.8,186,0,No,No,0,79.46,2.53954
746,No,17,18.4,191.8,0,No,Yes,1,82.27,3.30374
747,No,17,15.4,216.5,0,No,Yes,0,85.47,-0.10174
748,No,17,18.5,234.6,0,Yes,Yes,1,81.24,-4.38308
749,No,18,20.2,175.3,0,No,Yes,2,86.15,1.80504
750,No,15,20.7,72.7,0,Yes,Yes,1,71.53,-2.44029
751,No,16,17.5,167.5,1,Yes,Yes,0,85.61,-4.16545
752,Yes,15,22.7,203.7,0,Yes,No,0,88,-3.71277
753,No,15,29.2,144.8,0,No,Yes,3,75.97,5.69512
754,No,17,16.9,230,0,Yes,Yes,1,90.38,-5.75
755,No,17,23.6,153.1,0,No,Yes,2,71.49,-0.84031
756,No,17,28,187.9,0,Yes,No,1,82.3,-2.70707
757,No,17,21.7,234.1,1,Yes,No,1,80.9,-2.86084
758,No,17,20.2,228,0,No,No,0,83.96,-3.46756
759,No,17,20,210.4,0,No,Yes,1,83.47,-0.49929
760,No,17,19,192.7,0,Yes,Yes,0,81.62,3.66031
761,No,18,18.1,164.9,0,Yes,Yes,0,87.74,4.28873
762,Yes,17,19.2,302.3,0,No,Yes,0,93.67,3.4972
763,No,18,22,169.4,0,No,Yes,1,77.85,1.96813
764,No,17,19.7,172.3,0,No,Yes,1,81.78,-1.73708
765,No,18,19.5,255.4,0,No,Yes,0,83.39,-0.99432
766,No,17,20.6,169.8,0,No,Yes,1,72.13,7.82247
767,No,17,14.8,323.8,0,Yes,No,0,91.29,6.0251
768,No,16,21.3,22,0,No,No,1,72.19,-0.87871
769,No,16,22.1,180.7,0,No,No,1,82.62,5.56645
770,No,18,16.8,169.6,0,No,No,0,73.63,4.50363
771,Yes,18,16.4,263.6,0,Yes,Yes,0,91.71,1.24133
772,No,17,23.1,134.9,0,Yes,Yes,2,79.2,1.53562
773,No,16,22,230.9,0,No,No,1,88.42,-4.63906
774,No,16,17.9,238.8,0,No,No,0,76.79,1.31794
775,Yes,16,22.1,272,0,Yes,Yes,1,96.67,5.45836
776,No,17,18.7,247.2,1,No,No,0,83.1,5.09057
777,No,17,23.3,190.4,0,No,Yes,1,83.82,-1.17732
778,Yes,18,20,220.8,0,No,No,1,86.61,-4.29522
779,No,17,21.7,202.3,0,Yes,No,0,81.55,-3.38878
780,No,17,24.3,133.7,0,No,Yes,2,83.29,-2.16797
781,Yes,16,20.8,273.1,0,No,No,1,90.49,6.96729
782,No,18,17.4,170.3,0,No,Yes,1,80.39,-3.23827
783,No,18,19.5,190.8,0,No,Yes,0,83.44,5.92314
784,No,17,21.6,215.1,0,No,Yes,1,86.66,-1.28307
785,No,18,19.7,140.7,0,No,Yes,0,76.54,-3.2034
786,No,17,17,163.6,0,Yes,Yes,0,82.66,-7.45114
787,Yes,17,25.4,185.1,0,No,No,1,87.33,4.71581
788,No,16,21.8,146.1,0,No,Yes,1,77.12,-1.2551
789,Yes,18,19.5,182.5,0,No,No,1,83.13,-3.88971
790,No,17,23.7,181,0,No,Yes,2,74.79,6.95664
791,No,16,22.9,239.1,0,No,No,2,78.27,-5.1443
792,No,17,18.6,210.7,0,No,No,0,84.8,-2.16901
793,No,16,21.1,173.7,0,No,No,1,78.88,7.43326
794,No,18,23,209.4,1,Yes,Yes,0,88.74,-4.53963
795,Yes,18,15,202.2,0,No,No,1,76.82,-0.45236
796,No,16,17.1,126.4,0,Yes,Yes,0,77.58,3.32739
797,No,17,18.2,229.6,0,No,Yes,0,89.7,-0.42582
798,No,17,24,141.7,0,No,Yes,2,80.13,1.98334
799,No,17,18.7,114.4,0,No,Yes,1,74.44,-3.95869
800,No,16,15.9,215.4,0,Yes,Yes,0,87,-2.46016
801,No,16,22.7,124.9,0,No,Yes,0,77.92,-8.19909
802,Yes,16,22.4,224.8,0,Yes,Yes,0,89.18,2.60993
803,No,17,24.5,230.8,0,No,No,0,82.55,-0.37497
804,Yes,17,19.5,175.4,0,No,Yes,0,81.38,-8.08775
805,No,16,20.6,148.6,1,Yes,No,1,83.21,0.73135
806,No,17,24.2,325.8,0,Yes,Yes,0,94.32,2.16438
807,Yes,17,21.2,262.5,1,No,No,0,91.5,1.97868
808,No,18,20.7,156.1,0,Yes,No,0,86.68,0.94298
809,Yes,17,19.7,214.2,0,Yes,Yes,0,95.56,-1.56279
810,No,17,23.4,179,0,No,No,2,81.95,-2.52467
811,No,17,17.2,197.8,0,No,No,0,83.53,-5.7136
812,No,17,26.1,172.6,0,Yes,No,3,78.72,-0.38033
813,No,18,22.9,163.7,0,No,No,1,75.83,1.78512
814,No,16,17.3,231,0,No,No,1,80.69,-2.23071
815,No,17,25.5,155.1,0,Yes,No,1,78.76,-6.33626
816,No,18,18.5,135.4,0,No,Yes,0,80.44,2.50157
817,No,18,19.6,266.8,0,No,No,0,85.34,-0.25313
818,No,18,21.8,70.2,0,No,Yes,1,75.94,-1.63372
819,No,17,24.2,95.5,0,No,Yes,2,75.27,6.4526
820,Yes,16,19.2,251.6,0,No,Yes,1,87.07,-2.94394
821,No,16,23.8,200,0,No,Yes,2,87.03,-4.6495
822,No,16,21.4,68.4,0,No,Yes,2,74.07,-5.70844
823,Yes,15,22.5,284.4,0,No,No,1,92.36,1.88773
824,Yes,18,18.8,300.3,0,No,Yes,0,94.98,0.47078
825,No,17,20,73.9,0,No,Yes,1,68.6,-2.67475
826,No,16,21.1,122.8,0,No,Yes,2,78.85,1.93428
827,No,17,18.4,195.8,0,No,No,0,85.28,-5.22808
828,No,15,22.7,196.2,0,No,No,1,79.8,-1.84751
829,No,17,21.5,84.3,0,Yes,No,2,73.53,1.40127
830,No,16,22.3,90.9,0,Yes,No,0,76.38,-6.53798
831,No,18,23.8,232.3,0,No,No,0,82.11,-1.42345
832,No,18,18.8,145.1,0,No,No,2,79.93,0.42988
833,No,18,18.9,156.5,0,No,Yes,0,83.76,-0.82798
834,No,17,18,179.2,0,No,No,1,81.1,0.92736
835,Yes,18,19.6,262.3,0,No,Yes,1,85.24,0.46585
836,No,18,17.9,260.4,0,No,Yes,0,82.29,-0.31179
837,Yes,16,20.4,231.5,1,Yes,Yes,0,92.57,-9.92979
838,No,17,19,265.9,0,Yes,Yes,0,92.23,-3.3512
839,No,17,15,163.8,0,No,No,0,76.55,2.48968
840,Yes,17,22.4,248.1,0,No,Yes,1,87.63,0.46229
841,No,16,21,121,0,No,No,0,71.83,-5.34143
842,No,15,19.8,139.2,0,No,Yes,0,80.41,-5.59732
843,No,18,21.5,223.4,0,Yes,Yes,2,89.96,2.79853
844,No,16,20.4,60,0,No,Yes,0,66.11,0.32546
845,No,18,19.4,116,0,No,Yes,2,70.36,1.79547
846,No,17,18.1,197.4,0,Yes,Yes,1,86.48,2.92126
847,Yes,18,21.7,233.5,0,No,No,1,91.64,-5.37018
848,No,16,17.5,199.4,0,No,No,1,82.21,-0.22106
849,No,17,22,216.5,0,No,No,0,75.07,-3.60523
850,No,18,19.6,96.2,0,Yes,Yes,1,79,5.12569
851,No,18,19.4,159.2,0,No,Yes,2,81.22,-3.08766
852,No,17,19.2,247.5,0,Yes,Yes,0,95.09,-3.25053
853,No,18,16.2,114.6,1,No,Yes,0,64.59,2.59119
854,No,16,22.8,159.7,0,No,No,1,81.01,-2.76878
855,No,17,22,111.5,0,Yes,Yes,0,87.54,-2.13042
856,No,16,17.4,155,0,No,Yes,0,76.7,0.40419
857,No,17,18.2,295.9,0,No,Yes,0,93.86,2.35279
858,Yes,17,18.7,210.6,0,Yes,No,0,89.6,2.48873
859,No,18,25.1,202.3,0,No,No,2,77.16,-1.72297
860,No,17,25.4,159.5,1,No,No,1,71.09,3.6188
861,No,18,19.8,104,0,Yes,No,1,78.28,-4.4429
862,No,16,20.2,153.4,0,No,No,0,73.59,-4.84608
863,No,17,20.9,183.8,0,No,Yes,1,76.18,2.91807
864,No,17,18.9,166.3,0,No,No,1,80.41,-1.098
865,Yes,17,23.2,257,0,Yes,Yes,1,93.9,0.63261
866,No,16,25.8,212.8,0,Yes,No,3,79.1,-2.47424
867,No,17,20.1,177.3,0,Yes,Yes,0,84.84,2.54647
868,No,16,20,213.6,0,No,No,0,86.11,0.5685
869,No,17,26.6,207.7,0,No,Yes,2,77.1,6.1979
870,No,17,18.2,181.4,0,Yes,No,0,82.24,-1.09792
871,No,17,20.2,123.8,0,Yes,No,0,88.53,4.62875
872,No,16,22.9,173,0,Yes,No,0,79.07,-1.08755
873,No,16,23.8,145.3,0,No,Yes,1,75.93,-4.26805
874,No,16,18.4,222.3,0,Yes,Yes,0,88.06,6.70886
875,No,16,20.7,176.2,0,No,Yes,1,81.17,-3.52845
876,No,18,19.4,163.9,0,Yes,Yes,0,84.21,-2.95937
877,No,17,20.8,156.6,0,No,No,1,80.48,3.29945
878,Yes,16,19.3,162.2,0,Yes,Yes,0,87.56,3.68955
879,No,18,19.8,169.8,0,No,Yes,0,76.75,-5.10505
880,No,16,20.9,331,0,No,No,1,91.52,-4.22838
881,No,16,22.1,224.3,0,No,Yes,2,79.72,-3.16251
882,No,18,17.3,154.4,0,No,Yes,0,80.66,-0.36831
883,No,17,15.8,222.7,0,No,Yes,0,82.51,4.89798
884,No,17,20.3,190,0,No,No,1,82.87,-0.89636
885,No,16,19.6,178.7,0,Yes,No,0,81.81,1.53935
886,No,17,21.8,136.4,0,Yes,No,0,75.12,1.1708
887,No,17,21.8,164.9,0,No,Yes,0,84.12,1.36274
888,No,17,20.2,227.2,0,Yes,No,1,86.08,6.657
889,No,16,19.6,118.6,0,Yes,No,0,81.48,-1.06714
890,No,17,22.9,141.7,0,Yes,Yes,2,83.54,-5.55877
891,No,17,17.3,181.2,0,No,Yes,0,82.14,-1.36462
892,No,17,24,180,0,Yes,No,1,86.59,-1.68568
893,No,17,23.4,157.5,1,No,Yes,2,74.11,-2.58105
894,No,17,24.6,183.3,0,Yes,Yes,2,78.87,3.15243
895,No,18,20.6,202.3,0,Yes,Yes,0,91.47,1.94615
896,No,18,22,237.9,0,Yes,Yes,1,87.3,-3.61598
897,No,18,21.4,312,0,Yes,Yes,0,94.28,4.38232
898,No,17,20.8,181.6,0,Yes,Yes,0,82.62,-2.83665
899,Yes,17,17.6,218.8,0,Yes,Yes,1,97.58,-0.14213
900,Yes,16,20.8,202.6,0,No,Yes,0,86.89,1.72068
901,No,18,20.9,247.5,1,No,Yes,0,87.39,3.35674
902,No,18,22,170.5,1,No,No,1,76.82,1.24576
903,No,18,17.7,157.9,0,No,Yes,0,84.01,4.6399
904,No,16,22.5,216,0,No,No,3,81.31,-2.62678
905,Yes,16,23.5,252.8,0,No,Yes,1,85.57,3.26023
906,Yes,17,17.9,188.3,0,No,Yes,0,85.06,2.31059
907,No,16,17.9,164,0,Yes,No,0,74.51,0.58629
908,No,17,24,192.7,0,No,No,1,81.12,-0.15018
909,No,18,21.4,190.4,0,No,No,1,79.68,-8.30906
910,Yes,16,21.1,231.3,0,No,Yes,1,92.69,6.99307
911,No,17,27.4,191.6,0,No,Yes,2,78.32,-4.99281
912,No,17,18.8,206.1,0,No,Yes,0,85.03,0.28893
913,Yes,16,19.6,235.5,0,No,Yes,0,80.53,1.40027
914,Yes,16,15.1,186.5,0,Yes,No,0,84.95,-1.61781
915,No,16,22.2,160.6,0,No,No,2,81.55,-4.35837
916,Yes,16,19.9,219.9,0,Yes,No,0,90.14,-3.77338
917,No,18,18.4,247.2,0,No,No,0,80.83,-3.92257
918,No,17,24.2,139.5,0,Yes,Yes,1,77.44,-4.33479
919,Yes,17,20.2,240.9,0,Yes,Yes,0,90.23,0.69426
920,No,15,23.9,167.2,0,No,No,0,78.15,2.61866
921,No,17,17.9,167,0,No,No,0,84.24,-0.7755
922,No,15,20.9,194.4,0,Yes,No,0,83.25,3.15491
923,Yes,18,19.8,242.3,0,No,Yes,0,85,1.26844
924,No,17,23.2,265.4,0,Yes,Yes,1,94.35,4.1949
925,No,18,17.4,185.1,0,No,Yes,1,79.41,-1.54905
926,No,17,20.8,187.4,0,Yes,Yes,1,79.32,-0.62292
927,No,17,24.1,145.7,0,No,No,1,81.51,-3.87965
928,Yes,17,20.1,209.7,0,No,No,0,87.56,-3.54065
929,Yes,15,22.8,301.5,0,Yes,No,0,88.07,-1.76854
930,No,17,17.4,225.2,0,Yes,Yes,0,88.92,6.27042
931,No,16,18.3,156.4,0,No,No,1,82.71,-4.34871
932,No,16,18.8,184.6,1,No,No,1,79.69,-1.36503
933,No,17,19.7,195,0,No,Yes,0,79.44,-0.7827
934,No,17,15.6,192.3,0,No,Yes,0,81.83,1.85925
935,Yes,17,23.1,332.4,0,Yes,Yes,1,91.04,5.07726
936,No,18,20.3,180.7,1,Yes,No,0,75.34,-5.09138
937,No,17,23.2,51.7,0,No,No,1,67.7,-1.33842
938,No,16,20.5,233,0,Yes,No,1,89.73,0.49946
939,No,17,16.8,140,0,Yes,No,0,80.37,7.84416
940,No,17,26,291.1,0,No,Yes,0,88.21,-0.04283
941,Yes,17,22.3,253.4,0,Yes,No,1,93.33,0.89901
942,Yes,17,22.5,293.6,0,Yes,Yes,1,94.87,6.36406
943,No,18,15.1,134.1,0,Yes,No,0,80.51,3.84122
944,No,17,20.9,125.9,0,No,Yes,2,80.63,7.40607
945,No,17,20.4,201.1,0,No,No,2,75.69,-3.00484
946,No,16,21.4,254.1,0,No,No,2,80.67,0.4801
947,No,15,18.8,177,0,No,Yes,0,80.82,1.27892
948,No,18,20.3,176.9,0,No,No,1,79.11,7.7621
949,No,17,16.5,165.5,0,No,Yes,1,79.63,-2.60214
950,Yes,17,17.5,270.1,0,Yes,No,0,89.16,2.07009
951,No,17,18.8,141.9,0,No,No,0,75.58,-5.73484
952,No,15,18.7,143,0,No,Yes,1,79.52,-3.10476
953,No,17,17.6,171.8,0,No,No,0,73.33,-5.03082
954,No,18,14.6,201.2,0,No,No,0,82.53,-2.42144
955,No,17,20.9,224,0,Yes,Yes,0,86.52,-3.23768
956,Yes,17,20.9,193.3,0,No,Yes,1,86.14,-2.91914
957,No,16,26.3,168.4,0,No,No,3,69.57,0.30918
958,No,15,19.9,259,0,No,No,1,82.59,-2.03272
959,No,18,23.7,245.3,1,No,Yes,1,81,-4.71747
960,No,17,20.9,113.6,0,Yes,Yes,0,83.97,-0.19582
961,No,16,19.2,237.5,1,No,Yes,0,78,3.00359
962,No,17,18.1,141.6,0,Yes,No,0,81.9,-0.47979
963,No,16,19.3,157.7,0,No,No,1,71.7,1.38794
964,No,16,22.4,201.1,0,Yes,No,0,83.46,-1.44222
965,No,16,22.5,256.2,1,Yes,Yes,1,87.99,-2.15001
966,Yes,18,23.8,203.6,0,No,Yes,1,81.43,9.3675
967,No,16,18.3,194.5,0,No,No,0,86.34,-0.66386
968,No,15,23.6,196.3,0,No,No,1,81.59,-7.88609
969,No,17,18.5,143.1,0,Yes,No,0,84.75,-3.11481
970,Yes,16,24.2,171.5,0,Yes,Yes,0,89.54,-0.34801
971,No,15,21.6,134.4,0,No,Yes,0,72.07,-1.36504
972,No,17,20,162.5,0,No,Yes,0,78.58,1.32928
973,No,16,21.9,206.3,0,Yes,No,0,82.49,-3.53595
974,No,17,24,168.9,0,Yes,Yes,1,75.27,-0.02672
975,No,16,19.3,171.5,0,Yes,No,1,91.28,2.04345
976,No,16,20,227.8,0,No,No,1,88.16,0.00627
977,No,17,23.4,156.7,0,Yes,Yes,1,81.29,0.19713
978,Yes,17,25.2,293.4,0,No,No,1,90.5,-2.78398
979,Yes,16,19,212.6,0,No,Yes,0,86.57,1.43723
980,No,17,20.7,246.4,0,Yes,Yes,1,94.23,0.44637
981,No,18,24.9,182.5,0,Yes,Yes,1,83.72,2.32077
982,Yes,17,22.7,287.8,0,Yes,No,2,96.35,3.96099
983,No,18,17.4,110.2,0,Yes,Yes,1,77.69,-3.09162
984,No,15,25.5,208.1,0,Yes,Yes,3,78.85,0.73494
985,No,17,23.6,165.6,0,Yes,No,1,78.28,-2.26811
986,Yes,18,25,305.5,0,No,Yes,2,90.62,-3.77784
987,Yes,16,21.4,239.1,0,No,Yes,2,90.97,-2.33632
988,No,17,23.9,101.7,0,No,No,2,67.67,1.78797
989,No,18,19,98.4,0,Yes,Yes,0,80.37,1.3747
990,No,18,18.5,190.3,0,No,Yes,0,75.62,-2.31492
991,No,16,20.4,213,1,Yes,Yes,1,75.95,-3.09703
992,No,18,22.4,192.6,0,Yes,Yes,1,87.59,-2.56203
993,No,18,22.9,234.5,0,Yes,Yes,1,88.05,1.51448
994,No,16,18.7,164.5,0,Yes,Yes,1,86.07,4.84492
995,Yes,17,15.8,357.6,1,Yes,Yes,0,94.65,-1.07971
996,No,16,23.7,196,0,No,No,0,81.17,-5.6398
997,Yes,17,21.8,263.9,1,Yes,No,1,87.86,1.85569
998,Yes,18,20.4,242.8,0,Yes,No,1,81.15,0.95654
999,No,18,18.3,118.1,0,Yes,No,1,71.11,1.93555
1000,Yes,18,19.6,203.3,0,Yes,Yes,0,89.37,-3.39432
